,学科,科目,学员性别,学员年龄,薪酬水平,乘车补贴,学员状态,就读学校,教授时间,blank,居住区域,交通线路,blank,性别要求,需求人数,资格要求1,资格要求2,教学方式,状态
0,全科家教,三年级家教,男,8,140 /2h,无,"两个孩子 一个开学3年级 两个孩子 一个开学一年级  看着做功课
提高型,主要学习习惯培养，辅导其次",,周一到周四每天1点-3点  一周4次 一次2H,,康桥,康桥路御水路,,女,1人,在校教员，有耐心的，有辅导经验的， 会跟孩子沟通，懂得培养孩子学习习惯,学员要求看简历，有意向的教员请认真完善简历。,教员上门,['发布中']
1,数学英语家教,幼儿家教,女,,协商,无,准备考国际小学的，对数学英语都是有要求。数学逻辑思维的，最好百花里面或着学而思里面带过的 现在中班将来需要考国际双语小学,,暑假，下午5点以后，一周1到2次,,,三林西泰林路,,女,1人,专职教师，有经验的，负责一点的，要对幼升小有经验的,学员要求看简历，有意向的教员请认真完善简历。,教员上门,['发布中']
2,英语家教,高三家教,女,,协商,无,开学高三 英语背单词及作业辅导,,暑假一周次数暂定1次 一次2小时,,,凉城路139弄凉城路139弄交界附近，8号线龙之梦换公交车21/975,,女,1人,在校教员，有补习家教经验 有耐心 上外或者师范类的大学生 一定是要带过高中英语家教经验的,学员要求看简历，有意向的教员请认真完善简历。,教员上门,['发布中']
3,英语、数学家教,初一家教,女,14,300/2h,无,开学初一，提高型，巩固之前的，提前预习初一的,,暑假一周2-3次，周一三五下午1-4点，一次2个小时，开学以后周五晚上6点30，周六下午1-4点,,新华路,中山西路九九园交界附近，地铁3、4、10号线虹桥路站,,无,2人,在职教师，专业一点的，耐心，负责,学员要求看简历，有意向的教员请认真完善简历。,教员上门,['发布中']
4,数学家教,五年级家教,女,,协商,无,成绩一般，数学需要提高，开学六年级，最好可以顺带语文和英语作业,位育实验学校,一周2-3次，8月开始正式上课,,,陕西南路巨鹿路,,女,1人,在校教员，希望专业一点，能够负责任一点 家教经验丰富的,学员要求看简历，有意向的教员请认真完善简历。,"教员上门,学员上门",['发布中']
5,钢琴家教,三年级家教,男,,协商,无,有基础，学了一年多，没有考级，7月底考级,海南的学校,一周1-2次，一次1小时，时间协商，8月头有一周不需要上课,,九亭,涞寅路九杜路交界附近，沪亭北路,,无,1人,在校教员，有辅导经验，耐心一点，专业一点的,学员要求看简历，有意向的教员请认真完善简历。,教员上门,['发布中']
6,数学英语家教,六年级家教,女,,120/2h,无,开学初一，辅导功课，巩固6年级的知识，英语补语法,,一周5次，一次2个小时，周一到周五白天,,,漕宝路静安新城交界附近，静安新城,,女,1人,在校教员，有辅导经验的，耐心一点,学员要求看简历，有意向的教员请认真完善简历。,教员上门,['发布中']
7,游泳 家教,二年级家教,女,,150/1h,无,开学二年级 零基础  有场地的,,一周3次，周一 周三 周四的下午 一周3次 一次一个小时,,,枣阳路兰溪路交界附近，曹杨影城附近,,女,1人,在校教员，游泳擅长的女孩子  突击学习,学员要求看简历，有意向的教员请认真完善简历。,教员上门,发布中
8,西班牙语家教,四年级家教,女,11,协商,无,会基础拼读 希望开始学语法。,,暑假周六周日下午2点左右 一周1-2次 2小时 开学后也需要,,方松街道,玉树路思贤路交界附近，9号线松江新城,,无,1人,在校教员，性格活泼一些 有带过西班牙语的补习经验 有耐心,学员要求看简历，有意向的教员请认真完善简历。,教员上门,发布中
9,英语家教,六年级家教,男,,150/2h,无,开学6年级，基础中等，听力和音标有点薄弱一点,,一周2次，一次2个小时，上午,,梅陇,上中西路朱梅小区,,女,1人,在校教员，有辅导经验，耐心一点，负责，擅长英语,学员要求看简历，有意向的教员请认真完善简历。,教员上门,['发布中']
10,学前教育家教,幼儿家教,女,4岁,协商,无,升中班，数学思维训练，看图说话。,,周日中午11点到1点，或者晚上7点以后，一周一次，一次2个小时。,,,昌平路康定路交界附近，7号线昌平路,,女,1人,在校教员，有补课经验的，有耐心的。,学员要求看简历，有意向的教员请认真完善简历。,教员上门,['发布中']
11,数学家教,高三家教,男,,协商,无,"补差型,英语词汇，作文，完型，数学基础较差，要每种题型分步骤细心讲解",,暑假一三五早上 一周3次,,国和新村,国和二村欧尚附近交界附近，8号线嫩江路步行10分钟以内,,无,1人,在校教员，优先要在校大一新生或者大二的，数学底子好的，分数高的，最好是外省市熟知安徽教材的,学员要求看简历，有意向的教员请认真完善简历。,教员上门,['发布中']
12,语文家教,初一家教,女,,350/2h,无,阅读理解和写作，成绩不理想，基础不好,,暑假期间隔天上，一次两个小时,,,武定西路1398弄交界附近，2号 11号线,,女,1人,在职教师，耐心，有经验的， 女老师优先,学员要求看简历，有意向的教员请认真完善简历。,教员上门,['发布中']
13,化学家教,初二家教,女,,400/2h,无,9月份初三，成绩一般，提高。预习初三的新课。,上师大附中,暑假7月份开始，周一三周五上午10点到12点，一周2次，一次两个小时。,,,梅川路嘉泰花园交界附近，13号线祁连山南路下来步行1.8公里,,无,1人,在职教师，有补课经验的 耐心，负责一点，最好是女老师。,学员要求看简历，有意向的教员请认真完善简历。,教员上门,['发布中']
14,钢琴家教,成人家教,女,25,300/45分钟,无,学过几年 有点基础，需要提高,,两周1-2次，一次45/分钟,,,学生上门学生上门,,无,1人,要专业学院的研究生，像上音，中国，中央,钢琴表演专业,学员要求看简历，有意向的教员请认真完善简历。,['发布中']
15,钢琴家教,六年级家教,女,12,协商,无,今年8月份考上海音乐学院8级之后想要继续考级,,一周一次，一次1小时，周末时间协商,,共富新村,水产西路富长路,,女,1人,专职教师，耐心，负责，有考级经验，乐理也可以带的,学员要求看简历，有意向的教员请认真完善简历。,教员上门,发布中
16,英语家教,高一家教,男,,300/3h,无,9月份高二，成绩中等偏下。提高。,,周天下午1点到4点。一周一次，一次3个小时。,,彭浦新村,场中路三泉路交界附近，1号线彭浦新村站走15分钟,,男,1人,在校教员，有补课经验的，985学校优先。上海人，学霸型,学员要求看简历，有意向的教员请认真完善简历。,教员上门,['发布中']
17,英语家教,五年级家教,男,,协商,无,开学六年级，预习新课，巩固基础,山中学小学,一周2次，一次两个小时，时间可商,,,"梧州路周家嘴路交界附近，4号，10号海伦路5,6分钟",,男,1人,在校教员，有责任心 有经验的老师上外英语专业的优先,学员要求看简历，有意向的教员请认真完善简历。,教员上门,['发布中']
18,全科辅导家教,初一家教,男,,180 /3h,无,开学7年级，巩固5-6年级的知识，成绩一般，学员是体育生,,暑假里面，一周4次，周二 周四上午，周六周日可以协商 一次3H,,,莘松路康城小区瀑布湾道交界附近，康城小区瀑布湾道,,无,1人,在校教员，有辅导经验的，耐心，认真会跟孩子沟通的,学员要求看简历，有意向的教员请认真完善简历。,教员上门,发布中
19,数学家教,三年级家教,女,,协商,无,开学3年级，成绩还可以，计算容易出错，巧算和奥数,上外附小,"7月头底开始
一周1-2次，一次2个小时，周一到周五白天时间",,凉城新村,凉城路秀苑小区,,无,1人,耐心，辅导经验非常丰富 在职老师和大学生都可以,学员要求看简历，有意向的教员请认真完善简历。,教员上门,['发布中']
20,英语  数学家教,初二家教,男,,400/2h,无,开学初二 成绩不错的  预习新课 （数学女孩要女老师开学3年年级暑假一周2次  300/2h）,三林,一周3次 暑假就可以开始  开学继续带的,,三林镇,浦秀路江月路交界附近，8号线江月路,,无,1人,在职教师，清爽一点的老师  要在职老师 普通话说得好的 必须是在职的老师,学员要求看简历，有意向的教员请认真完善简历。,教员上门,['发布中']
21,语数外家教,幼儿家教,女,5,150/2h,无,陪读英语绘本,复旦万科实验小学,时间可以协商,,,都市路金都路,,无,1人,在校教员，英语好一些的，口语要好一些的,学员要求看简历，有意向的教员请认真完善简历。,教员上门,['发布中']
22,托福家教,初二家教,女,,协商,无,零基础，教材没有，2个孩子，一男一女,文莱中学,一周5次 一次4个小时  周一到周五上午或者下午,,,平吉路古美路,,无,1人,负责任，成绩好的，有家教经验，专业一点，女老师优先,学员要求看简历，有意向的教员请认真完善简历。,教员上门,['发布中']
23,英语家教,一年级家教,女,,120/2h,无,6岁女娃，英语辅导 开学一年级 读课文,,暑假一周2-3次 每次2小时,,,碧江路东川路,,女,1人,在校教员，有补课经验的  发音准的,学员要求看简历，有意向的教员请认真完善简历。,教员上门,['发布中']
24,全科 奥数家教,幼儿家教,女,4,协商,无,复习机构思维课和看图说话课内容(有机构上课视频可回看)和辅导机构布置的家庭作业,,一周三次，每次1.5小时(如果有奥数竞赛获奖的学生，每次可以每次2小时，顺便辅导大宝小学奥数,,,张杨路中星海上景庭交界附近，六号线地铁站门口100米,,女,1人,在校教员，有经验的女老师 监督并辅导完成其他思维书籍 监督朗读英文书籍 最好画画也好(孩子很爱画画和折纸很好),学员要求看简历，有意向的教员请认真完善简历。,教员上门,['发布中']
25,数学家教,初一家教,男,,300/2h,无,开学初二 上半学期还有两章节 预习下半学期的代数方程和一次函数,交大附中,"一周次数协商 一次2个小时
16号之前时间协商 8.12-8.23号连续十天晚上6点钟以后 开学后周六晚上",,,源深路张杨路交界附近，源深体育中心站步行10分钟左右,,男,1人,在职教师，希望能提高孩子学习英语的兴趣。必须是民办重点中学的老师。,学员要求看简历，有意向的教员请认真完善简历。,教员上门,['发布中']
26,作业辅导家教,四年级家教,女,,120/2h,无,主要作业辅导 补习英语，音标,徐实验,暑假。时间协商每周二次，开学后周一到周四晚上，一周4次,,,罗秀路罗秀新村交界附近，罗秀新村,,女,1人,在校教员，有补课经验的，负责一点的,学员要求看简历，有意向的教员请认真完善简历。,教员上门,发布中
27,数学 语文家教,初一家教,女,,160/2h,无,6年级升7年级山东潍坊课本 成绩一般 辅导课内的 预习初一课程 巩固基础 教材有的,山东潍坊,一周3-4次 暑假开始7.10左右开始,,,铁力路同济路交界附近，3号线水产路,,女,1人,在校教员，有补课经验的  有耐心的 有方式方法的 有山东的大学生优先,学员要求看简历，有意向的教员请认真完善简历。,教员上门,['发布中']
28,数学家教,初一家教,男,,140/2h,无,9月份初二，成绩不是很好，60多分左右，以课本基础知识为主。,,全周白天，一周2次，一次两个小时。(周一三下午1点到3点不行）,,安亭,杭桂路绿苑路交界附近，曹安路同济大学附近,,男,1人,在校教员，有补课经验的，耐心负责,学员要求看简历，有意向的教员请认真完善简历。,教员上门,['发布中']
29,英语 家教,高二家教,男,,180/2h,无,成绩较差，重点补课内知识点，开学高三 复习,金汇高中,一周2-3次 具体时间协商 每次2小时  开学也要的,,,漕宝路合川路,,无,1人,在校教员，有辅导经验，有经验的， 负责一点 上海人,学员要求看简历，有意向的教员请认真完善简历。,教员上门,['发布中']
30,化学  英语家教,初二家教,女,,150/2h,无,成绩一般 预习初三,虹口公办学校,"暑假上课，一周2-3次
一次2H",,,3号线淞发路地址站3号线淞发路地址站交界附近，3号线淞发路地址站,,男,2人,在校教员，要研究生 有补课经验的 英语专业,学员要求看简历，有意向的教员请认真完善简历。,教员上门,['发布中']
31,英语家教,高一家教,女,,140/2h,无,中考成绩区重点的分数。预习新高一的内容。,杨园中学,"周日下午,一周一次，一次两个小时",,,新园路洲海路交界附近，6号线五洲大道,,女,1人,在校教员，有补课经验的，耐心的。女大学生。,学员要求看简历，有意向的教员请认真完善简历。,教员上门,['发布中']
32,数学 奥数家教,四年级家教,男,10岁,协商,无,思维模式 又有留学经验 奥林匹克的竞赛最好  一对二 开学5年  体制外的学校,更新小学,一周1-2次 每次2小时  二四上午 9-11点,,东明路,华夏西路东明路交界附近，6 11 号线,,女,1人,有辅导经验的，负责一点，年级轻一点的，要留学生体制外的学校  以这个来教奥数,学员要求看简历，有意向的教员请认真完善简历。,教员上门,['发布中']
33,英语家教,初三家教,男,16,协商,无,初三升高中，教材是English second language,行知实验中学,总共3周，一周4-5次，一次两个小时，时间可商，7月开始,,大华新村,行知路真华路交界附近，7号线走15分钟,,无,1人,在校教员，上外的学生，有补课经验的，上门须出示身份证和学生证,学员要求看简历，有意向的教员请认真完善简历。,教员上门,发布中
34,语文家教,幼儿家教,女,,协商,无,开学1年级，双语学校，学校进度过快，想补习拼音，认字方面的。0基础。,国际学校（双语学校）,暑期7月份开始周一和周四下午，一周2次，一次2个小时。,,古北新区,伊犁路玛瑙路交界附近，10号线伊犁路站3号口,,女,1人,专职教师，有补课经验的，有耐心的。,学员要求看简历，有意向的教员请认真完善简历。,教员上门,['发布中']
35,英语家教,四年级家教,女,9,140/2H,无,开学4年级 成绩一般 不明白的地方讲解。英语比较弱,国际学校,周一到周五，一周3次，一次2小时，白天或者晚上,,,都会路金都路交界附近，地铁5号线银都路,,女,1人,在校教员，补课经验丰富，经验好一点，耐心负责 。华师大，交大的优先。,学员要求看简历，有意向的教员请认真完善简历。,教员上门,['发布中']
36,语文家教,一年级家教,女,7,300/2h,无,开学一年级 阅读，诗词,,7月下旬上午，周一到周五的上午，一周2次,,,泸定路真北路交界附近，13号真北路步行500米,,无,1人,在职教师，学校在职语文女老师 会读绘本、阅读,学员要求看简历，有意向的教员请认真完善简历。,教员上门,['发布中']
37,数理化家教,高一家教,男,17,协商,无,9月份高二，数理化，成绩很好，不是很稳定。,复旦附中,全周，一周个1次（共三次），一次两个小时。,,,株洲路广中路交界附近，1号线上海马戏城站走10分钟可到,,男,1人,在校教员，有补课经验的，有耐心，上海人，应届毕业生，学霸型的。,学员要求看简历，有意向的教员请认真完善简历。,教员上门,['发布中']
38,语文 数学家教,二年级家教,女,,120/2h,无,开学三年级 成绩一般，基础一般，提前预习3年级的，数学为主,公立学校,开学开始，一周1次，一次2个小时，平时晚上,,,南方商城附近古美西路交界附近，南方商城附近,,无,1人,在校教员，辅导经验丰富的，耐心负责,学员要求看简历，有意向的教员请认真完善简历。,教员上门,['发布中']
39,全科辅导家教,三年级家教,男,,220/2,无,辅导作业 成绩还可以,协和国际小学,"主要开学可以带的开学一周6次 周一到周六 晚上上课  。暑假一周2-3次
 一次2小时",,,沪星路299弄七莘路,,无,1人,有辅导经验 有耐心 方式方法好的 要开朗的,学员要求看简历，有意向的教员请认真完善简历。,教员上门,['发布中']
40,钢琴家教,大一家教,男,18,协商,无,从小学琴，现在遇到瓶颈了，需要乐理方面的指导,,周六周日，一周一次，一次1个小时。,,,华润中央公园四期华润中央公园四期交界附近，华润中央公园四期,,男,1人,在校教员，有补课经验的，有耐心的。上音的研究生。,学员要求看简历，有意向的教员请认真完善简历。,教员上门,['发布中']
41,语文家教,高三家教,女,17,160/2h,无,"提高型,成绩还可以  开学高三",,暑假一周1-2次 每次2小时,,,秀沿西路秀沿西路交界附近，保利林语溪,,女,1人,在校教员，有补课经验的 有方式方法 孩子可以接受的,学员要求看简历，有意向的教员请认真完善简历。,教员上门,['发布中']
42,英语 全科作业辅导家教,一年级家教,男,,300/2h （老师）120/2h(大学生）,无,提前预习2年级的内容，想考国际学校；全科陪读，作业辅导,公立,一周3-4次，一次2个小时，白天时间协商；全科一周5次，一次2个小时，上午,,,即墨路上船公寓,,无,2人,有补课经验，耐心一点,学员要求看简历，有意向的教员请认真完善简历。,教员上门,['发布中']
43,钢琴家教,成人家教,男,35,协商,无,不考级。兴趣爱好,,周一到周五晚上6点以后，周末全天，一周一次，一次1个小时。,,,株洲路延长路,,男,1人,在校教员，喜欢上音的男教员，一定要是钢琴系的。,学员要求看简历，有意向的教员请认真完善简历。,教员上门,['发布中']
44,数学英语家教,二年级家教,男,,300/2h（老师） 140/2h（大学生）,无,辅导作业，预习新课,,一周1-2次，一次两个小时，周五4-6,,,仁恒河滨花园,,男,1人,有经验，耐心，擅长带下孩子,学员要求看简历，有意向的教员请认真完善简历。,教员上门,['发布中']
45,数学家教,四年级家教,女,,140 /2h,无,数学成绩一般，性格文静开朗,东安三小,7月中旬开始，一周一次，整个周二,,,东安路斜土路,,女,1人,在校教员，辅导经验丰富的，耐心负责，偏奥数,学员要求看简历，有意向的教员请认真完善简历。,教员上门,发布中
46,数学家教,高二家教,女,,协商,无,9月份高三，成绩中等,,一周2次，一次2小时，,,,武威东路桃浦西路交界附近，11号线李子园站步行10分钟,,女,1人,在职教师，补习家教经验丰富的，细心一点，耐心一点的,学员要求看简历，有意向的教员请认真完善简历。,教员上门,['发布中']
47,功课辅导家教,四年级家教,女,,180/3H,无,成绩一般  功课辅导 开学5年级,,"九月份开始周一到周五 5点-8点
一周5次
一次3H",,,和政路仓场路,,女,1人,在校教员，有辅导经验的，耐心 负责,学员要求看简历，有意向的教员请认真完善简历。,教员上门,['发布中']
48,书法家教,初一家教,男,,协商,无,之前学过一点，开学初二，一对2,新复兴,一周1到2次，时间协商,,,新同心路株洲路交界附近，3号线龙之梦1号线延长路,,无,1人,专职教师，有补课经验，负责一点的,学员要求看简历，有意向的教员请认真完善简历。,教员上门,['发布中']
49,英语家教,三年级家教,男,,120 /2h,无,开学3年级 拔尖型 提前学习,徐汇实验,暑假里面 周一到周五的早上  4次 一次2H,,植物园,龙瑞路龙吴路,,无,1人,在校教员，有辅导经验的，耐心，负责，要求学校好的,学员要求看简历，有意向的教员请认真完善简历。,教员上门,发布中
50,英语口语家教,成人家教,男,,协商,无,没有考过级，准备考级的，工作当中需要的，偏商务的  学员从事酒店工作的,,周六 周日 的下午2-4点 一周2次，一次2H,,长寿路,长寿路常德路交界附近，公共场合上课,,无,1人,在校教员，有辅导经验的，口语要好的,学员要求看简历，有意向的教员请认真完善简历。,教员上门,['发布中']
51, 英语 数学家教,二年级家教,女,9,协商,无,提高型 学而思的内容 英语语法的教授  语法阅读擅长带动学生兴趣 与教学方法  数学 可以教思维题奥数 或学而思,,暑假每天。一周2次，一次2H,,徐泾,前云路交界附近，17号线徐颖站,,无,2人,有辅导经验的 耐心，负责 留学生优先 纽约大学口语发音纯正,学员要求看简历，有意向的教员请认真完善简历。,教员上门,['发布中']
52,全科+钢琴陪练家教,一年级家教,女,,协商,无,主要陪孩子做作业，检查下，纠正错题，孩子做作业的自觉性较差，钢琴零基础-陪练,幼儿园,"暑假7.20号左右开始 周一二三四 16:00-18:00或16:30-18:30 次数可协商 一次2小时 
开学后周一到周五时间协商",,,潍坊西路浦明路交界附近，靠近陆家嘴,,女,1人,在校教员，要英文口语好的，最好还能钢琴陪练,学员要求看简历，有意向的教员请认真完善简历。,教员上门,['发布中']
53,物理化学家教,高一家教,男,,协商,无,数学学习成绩良好，性格开朗,罗山中学,8月10日开始，一周一次，每周六下午2：00-4:00,,金杨新村,羽山路民生路,,无,1人,在校教员，辅导作业难题,学员要求看简历，有意向的教员请认真完善简历。,教员上门,['发布中']
54,英语 家教,二年级家教,男,,协商,无,英语： 成绩不错，要求口语加强。新概念和ODI,,"一周两次周二晚上，周六
，一次两个小时",,,政悦路殷行路,,女,1人,在校教员，有经验，耐心。英语要英语专业的，只考虑同济复旦英语专业的，理工大的也可以考虑，上门需查看身份证和学生证,学员要求看简历，有意向的教员请认真完善简历。,教员上门,['发布中']
55,数学家教,高一家教,男,,协商,无,小孩数学英语都很不错，增强,嘉定银园中学,一周二次，具体协商，一次2小时，具体协商,,,洪德路沪宜公路交界附近，11号线白银路,,无,2人,专职教师，家教经验丰富的，耐心负责，正在嘉定带教的更好,学员要求看简历，有意向的教员请认真完善简历。,教员上门,['发布中']
56,数学家教,一年级家教,女,8,130/2H,无,开学二年级 成绩中上,,9月份周日下午1-4点之间2小时,,,澳门路昌化路交界附近，13号线江宁路步行8分钟,,无,1人,在校教员，有辅导经验的 耐心 负责 本地的,学员要求看简历，有意向的教员请认真完善简历。,教员上门,['发布中']
57,中文家教,成人家教,男,,150/1h,无,韩国人，有一点基础，学习中文 纠正发音声调,,一周2次 7-8点 每次一小时 二 四 早上 时间也可以商量,,,龙柏新村汉中路,,女,1人,有带过的，专业一点，广东人不要,学员要求看简历，有意向的教员请认真完善简历。,教员上门,['发布中']
58,数学家教,高三家教,女,,协商,无,成绩中等，外面有补课的，回来要找个大学生,公办学校市重点,暑假一周一次,,花木,锦河路绿城交界附近，2号世纪公园下来15分钟左右,,女,1人,在校教员，有补课经验的，负责一点耐心一点的,学员要求看简历，有意向的教员请认真完善简历。,教员上门,['发布中']
59,英语家教,高一家教,男,,协商,无,"成绩不是很好,基础差",黄浦区普通中学,7月底上课，一周2-3次，一次两个小时，时间可以协商,,,宜山路柳州路交界附近，9号线桂林路,,男,1人,在校教员，有补课经验的  带的好的大学生,学员要求看简历，有意向的教员请认真完善简历。,教员上门,['发布中']
60,托福家教,初二家教,女,,160/2h,无,准备出国，想达到托福100分，听力写作有点问题，7升8,,暑假上午，7月21到8月9号不在上海，其他上午时间都可以，一周3次左右,,,中春路银都路交界附近，5号线银都路下来自行车5分钟,,女,1人,在校教员，有耐心 认真负责,学员要求看简历，有意向的教员请认真完善简历。,"教员上门,在线辅导",发布中
61,英语数学家教,五年级家教,男,9,协商,无,成绩一般，英文版教材，9月份要去国际学校的，预习6年级的知识，英语阅读和写作方面,七宝外国语,一周1-2次，一次2个小时，周末,,,金都路都市路交界附近，5号线沪闵路走10多分钟,,无,1人,一定要补课经验丰富，有留学背景的，非诚勿扰！上门请携带证件。,学员要求看简历，有意向的教员请认真完善简历。,教员上门,发布中
62,英语家教,初一家教,女,,300/2h,无,"开学初一，基础还可以，预习新课,上学期间能去接孩子并且和老师了解情况，孩子学校是华政附中，离孩子家走路也就20分钟",,一周1-2次，暑假周一到周五白天，上学期间是周一到周四晚上,,中山公园,中山公园中山公园附近,,女,1人,在职教师，退休的老师最好，耐心一点,学员要求看简历，有意向的教员请认真完善简历。,教员上门,['发布中']
63,数学家教,高二家教,女,,协商,无,数学还可以的，要提高，高一升高二，复习预习,位育中学,一个暑假10多次，时间协商,,,南方商城附近南方商城附近交界附近，1号线外环路下来走10分钟,,无,1人,在职教师，有补课经验负责一点的，人品好，要四校的老师。,学员要求看简历，有意向的教员请认真完善简历。,教员上门,['发布中']
64,数学家教,五年级家教,女,11,150/2h,无,"提高型,明年小升初择校 奥数解题思路清晰 会讲会教 奥数启蒙阶段 学而思教材思维训练  开学5年级",绿苑小学,每周二四上午9点到11点 或下午也可以 一周1-2次,,北新泾,淞虹路地铁站天山西路福泉路,,无,1人,在校教员，有补课经验的 奥数解题思路清晰 会讲会教 男孩上的  女孩优先,学员要求看简历，有意向的教员请认真完善简历。,"教员上门,协商",['发布中']
65,数学英语家教,五年级家教,男,,协商,无,孩子成绩还可以，要上升初中教材,莘庄镇小,暑假周二和周四上午全天 一周2次,,,富都路天河路,,无,1人,在校教员，家教经验丰富的，耐心负责的，只要师范类数学专业的,学员要求看简历，有意向的教员请认真完善简历。,教员上门,['发布中']
66,英语写作家教,二年级家教,女,,协商,无,基础还可以，和老外对话没有问题,星河湾小学,8月12号开始，一周2次，一次2个小时，白天,,,都会路星河湾,,无,1人,专职教师，有补课经验的，有教学经验的，找一个abc,学员要求看简历，有意向的教员请认真完善简历。,教员上门,['发布中']
67,声乐家教,幼儿家教,男,,协商,无,6个孩子，0基础。,,周末，一周1~2次，一次1.5h。,,马桥,银春路富学路交界附近，5号线北桥站转一部公交10分钟,,女,1人,在职教师，有补课经验 有耐心。,学员要求看简历，有意向的教员请认真完善简历。,教员上门,['发布中']
68,大提琴家教,成人家教,女,30+,150/45min,无,学了10次课左右，目前打基础阶段 乐器有的，兴趣爱好,,一到两周1次，一次45分钟，周末时间可以协商,,,佘山地铁站附近佘山地铁站附近,,女,1人,稍微专业一点的，有经验,学员要求看简历，有意向的教员请认真完善简历。,教员上门,发布中
69,全科家教,二年级家教,女,,4000/1个月,无,机构课 小班制  5-8岁的暑拖班   4-6个孩子,,周一到周五  9:00-4:00 中午孩子午睡  一个半月,,,芳甸路阳高中路,,无,1人,在校教员，有经验的 能力比较好的  最好是带过孩子的 最好能是艺术类的教员 会看谱,学员要求看简历，有意向的教员请认真完善简历。,教员上门,['发布中']
70,数学家教,一年级家教,女,,120/2h,无,开学二年级 课内的 成绩还可以 逻辑欠佳,私立学校,一周1-2次  8月5号开始 每次2次,,,上南路林海公路,,无,1人,在校教员，数学教的好的 有补课经验的,学员要求看简历，有意向的教员请认真完善简历。,教员上门,['发布中']
71,英语家教,三年级家教,女,,协商,无,开学4年级，英语还不错，可以唱英文歌曲的老师,,一周1次，一次1小时，具体的时间可以协调,,,昌化路淮安路,,女,1人,专职教师，学校的老师，有经验的,学员要求看简历，有意向的教员请认真完善简历。,教员上门,['发布中']
72,奥数家教,三年级家教,女,,120/2h,无,开学4年级 学而思学过的 高斯宝盈教材 陪孩刷题讲解,虹口三中心,一周2-3次,,,广粤路广中路,,女,1人,在校教员，有补课经验的 有耐心 细心一些,学员要求看简历，有意向的教员请认真完善简历。,教员上门,['发布中']
73,柳琴家教,幼儿家教,女,,协商,无,零基础，没乐器,,一周1次  时间协商,,,学员上门学员上门交界附近，学员上门,,女,1人,有补课经验的，上门出示相关证件,学员要求看简历，有意向的教员请认真完善简历。,学员上门,发布中
74,英语家教,成人家教,女,成人,协商,无,考过4级，需要补充提升,,一周3次，一次2H,,,开元地中海,,无,1人,专职教师，有辅导经验的 耐心负责,学员要求看简历，有意向的教员请认真完善简历。,教员上门,['发布中']
75,英语家教,成人家教,女,成人,协商,无,考过4级，需要补充提升,,一周3次，一次2H,,,开元地中海,,无,1人,专职教师，有辅导经验的 耐心负责,学员要求看简历，有意向的教员请认真完善简历。,教员上门,['发布中']
76,语文家教,四年级家教,男,9,300/2h,无,9月份5年级，语文成绩中等偏下。,辛水璐小学,暑假7月1日开始，7月10日到8月8日不需要。之后一直需要，一周2次，一次两个小时。开学之后一周一次，周五或者周末，一次两个小时,,菊园新区,盘安路平城路交界附近，11号线嘉定西站下来15分钟可到,,女,1人,专职教师，有补课经验的，有耐心的。上门带证件,学员要求看简历，有意向的教员请认真完善简历。,教员上门,发布中
77,英语家教,幼儿家教,男,,协商,无,9月份中班，学校里面学的有限，一对2,私立幼儿园国际,一周2到3次，时间协商  平时的时间,,,陆家泉路陆家泉路,,无,1人,专职教师，最好学前教育，有经验，耐心 要试课的，试2次，每次1小时,学员要求看简历，有意向的教员请认真完善简历。,教员上门,['发布中']
78,英语  数学家教,高一家教,男,,180/2h,无,开学 高二 成绩一般，语法阅读 做题方式方法，解题思路清晰,市西中学,一周2-3次，长期要的,,,大连路四平路交界附近，8.10号线,,女,1人,在校教员，有补课经验的，耐心，会根据孩子制定课程的 第一次上课要带学生证的， 方式方法好的 可延长期带的,学员要求看简历，有意向的教员请认真完善简历。,教员上门,['发布中']
79,全科语数外家教,二年级家教,男,,300/2h,无,辅导功课， 预习下 开学2年级,公办小学,8月1号开始，周一周三周五，一周3次,,,鑫都路鑫峰苑,,女,1人,专职教师，辅导经验的，耐心一点,学员要求看简历，有意向的教员请认真完善简历。,教员上门,发布中
80,全科家教,一年级家教,男,9,协商,部分,9月份2年级，提高型，辅导作业,,暑假8月7日开始下午2点到5点，一周5次，一次3个小时。,,,地铁10号线伊犁南路站,,女,1人,在校教员，有补课经验的，研究生佳，英语6级以上,学员要求看简历，有意向的教员请认真完善简历。,教员上门,['发布中']
81,游泳家教,成人家教,女,,150/h,无,一男一女，零基础，希望老师有熟悉的场地,,周一到周五晚上7点以后，一周1-3次，,,,肇嘉浜路地铁站附近肇嘉浜路地铁站附近,,无,1人,专业一点的，负责一点,学员要求看简历，有意向的教员请认真完善简历。,教员上门,发布中
82,陪玩 家教,幼儿家教,女,6,协商,无,开学1年级，锻炼身体，户外的，做做远动，排球，自行车，有大人陪同的,,一周3次，一次1.5个小时，早上7点左右,,,谷阳北路文翔路,,无,1人,在校教员，有辅导经验的，耐心一点，体育专业的,学员要求看简历，有意向的教员请认真完善简历。,教员上门,['发布中']
83,科学家教,初一家教,男,,150/2h,无,开学初二，物理生物相对薄弱一点,,一周2-3次，一次2个小时，上午,,,奉贤医院附近邮电路交界附近，奉德苑东区,,男,1人,在校教员，有辅导经验的，耐心一点，负责,学员要求看简历，有意向的教员请认真完善简历。,教员上门,发布中
84,电子琴家教,初二家教,男,12,协商,无,学过半年多的钢琴 找个键盘老师，想学习点和弦走向和分解，流行乐的即兴伴奏,,暑假周一到周日 一周1-2次 开学后每周一次,,,东兰路古美路交界附近，12号线虹梅路步行5分钟,,无,1人,最好是乐队里做过的老师 有耐心的,学员要求看简历，有意向的教员请认真完善简历。,教员上门,发布中
85,语文数学家教,初三家教,男,,协商,无,中等，阅读写作 开学高一 预习新课  要找小班课程,陆川学校,一周2-3次看老师的安排,,,共和新路共康路,,无,1人,在职教师，有经验，能提升成绩的，可以上小班，一对四的,学员要求看简历，有意向的教员请认真完善简历。,学员上门,['发布中']
86,语文家教,四年级家教,女,,300/2h,无,成绩还可以 阅读和写作需要提升,武宁路小学,开学后周日下午1：30-6点之间2小时 一周一次 一次2小时,,,武宁路东兴路交界附近，3/4/11曹杨路站步行5分钟,,女,1人,专职教师，有经验的，负责一点的,学员要求看简历，有意向的教员请认真完善简历。,教员上门,['发布中']
87,英语家教,五年级家教,男,,300/2h,无,基础一般，比较马虎，上课不太认真,通河三小,一周一次，一次2个小时，星期六上午,,,通河七村通河七村,,无,1人,在职教师，严格一点，专业一点，初中老师，上海人,学员要求看简历，有意向的教员请认真完善简历。,教员上门,['发布中']
88,科学 数学家教,初二家教,女,,150/2h,无,在浙江读书，物理化学都需要辅导一点，最近一次考试50分左右，数学也要辅导,,8月15号之前，一周1-2次，一次2个小时，每13天回来一次,,,牡丹江路水产路交界附近，海滨八村,,女,1人,在校教员，家教经验丰富的，耐心负责 浙江籍的教员,学员要求看简历，有意向的教员请认真完善简历。,教员上门,发布中
89,全科家教,五年级家教,男,,协商,无,成绩中等，不稳定，辅导功课，陪读，需要开车接送孩子,,一周7次，早上9点到晚上9点；上学期间是周一到周五，下午4点到晚上9点，周六周天也是全天,,,武夷路定西路交界附近，2号线中山公园,,无,1人,希望老师有经验的，能管得住孩子的 有补课经验的,学员要求看简历，有意向的教员请认真完善简历。,教员上门,['发布中']
90,新概念家教,二年级家教,女,,140/2h,协商,上新概念青少年版，上册学完了，下册学了一半,,8月开始，一周2-3次，一次两个小时，时间可商，开学后周六，一周一次,,,双桥路赵家沟桥,,女,1人,在校教员，有耐心，方法好。和蔼可亲。,学员要求看简历，有意向的教员请认真完善简历。,教员上门,['发布中']
91,小学英语教师资格证家教,大四家教,男,,协商,无,要考小学英语教师资格证 大学英语6级516,,7月中旬以后，,,,锦秋路南陈路交界附近，上海大学北门,,无,1人,在校教员，有经验的，负责一点发,学员要求看简历，有意向的教员请认真完善简历。,教员上门,发布中
92,语数外 小提琴或钢琴家教,幼儿家教,女,5岁半,150/2h,无,开学大班 需要大学生家教 陪四岁半女儿 教一些简单的英语 语文 陪练一会钢琴或者会小提琴  首选小提琴,,一周4次，一次2个小时，周一到周五下午6点30，周三不需要 目前晚上  暑假可能该白天,,塘桥,东方路浦建路,,女,1人,在校教员，耐心，有经验的，负责 首选小提琴,学员要求看简历，有意向的教员请认真完善简历。,教员上门,['发布中']
93,英语家教,高一家教,男,,120/2H,无,比较叛逆，不怎么喜欢英语，英语比较差,闸北民办初中,暑假里面 一周2-3次  一次2H 周末的时间,,,共和新路永和路,,无,1人,在校教员，最好能让孩子喜欢上英语的，要师范的,学员要求看简历，有意向的教员请认真完善简历。,教员上门,['发布中']
94,英语家教,高一家教,女,17,180/2h,无,9月份高二，英语中等偏上，提高。,,周一三五上午，一周2~3次，一次两个小时。,,梅陇,春申路虹梅南路,,女,1人,在校教员，上海人  上海高中毕业的 有补课经验的 对高考知识,学员要求看简历，有意向的教员请认真完善简历。,教员上门,['发布中']
95,英语家教,二年级家教,女,,协商,无,读原版的绘本书，教给孩子怎么读书,英国学校,暑假开始，一周5次白天下午 一次2H,,,金光路北青公路,,女,1人,在校教员，有留学经验的 ，口语发音纯正,学员要求看简历，有意向的教员请认真完善简历。,教员上门,发布中
96,数学家教,二年级家教,女,,协商,无,9月份3年级，数学成绩不稳定。成绩中等。,,9月开始上课，周一到周三晚上4点半以后，周日上午，下午3点半以后，一周1~2次，一次两个小时。,,三林镇,西泰林路永泰路交界附近，11号线浦三路下来10分钟站,,无,1人,在校教员，有补课经验的，有耐心的。,学员要求看简历，有意向的教员请认真完善简历。,教员上门,['发布中']
97,全科语数外家教,五年级家教,男,,150/2h,无,辅导功课，预习复习，提前6年级学一下也可以，数学有课外奥数作业,,暑假8月份，一周5次，一次2个小时，上午,,,长宁路江苏路,,男,1人,在校教员，有辅导经验的，耐心一点，擅长数学一点,学员要求看简历，有意向的教员请认真完善简历。,教员上门,['发布中']
98,数学 英语  芭蕾家教,三年级家教,男,9岁,协商,无,开学4年级 数学想了解奥数 主要思维这块    一对二 教材全英文的  一个孩子一小时,私立学校,暑假 一周3次 具体时间协商 钢琴一周3次以上一个孩子45分钟,,,红松东路古北路,,女,2人,专职教师，有经验的钢琴老师  最好小提琴也能教  有耐心,学员要求看简历，有意向的教员请认真完善简历。,教员上门,['发布中']
99,小提琴家教,大一家教,女,19,100/h,无,学习了一年，没有考级 自己练习,,暑假里面 一周1-2次,,青浦镇,浦仓路,,无,1人,在校教员，有辅导经验的，耐心负责,学员要求看简历，有意向的教员请认真完善简历。,教员上门,发布中
100,数学家教,四年级家教,男,,协商,无,成绩一般,东方小学,数学周三周五8:00-10:00,,塘桥,东方路峨山路交界附近，地铁4.6号线东方路,,男,1人,在校教员，要研究生或者博士生 要数学专业的，好学校的,学员要求看简历，有意向的教员请认真完善简历。,教员上门,['发布中']
101,语文/英语家教,五年级家教,男,,120/2h,无,9月份6年级。成绩班级里成绩良。补差。阅读写作，文学常识针对性的辅导。语法要加强。,永和小学,7月开始周一三周五。一周2次，一次两个小时。,,永和小区,高平路汶水路交界附近，公交210终点站,,男,1人,在校教员，有耐心，有补课经验的，好一点的学校。要备课，要针对性的辅导。,学员要求看简历，有意向的教员请认真完善简历。,教员上门,['发布中']
102,功课辅导+接送家教,三年级家教,男,,15000/月,无,两个孩子 一个二年级女生 一个初一男生 接送孩子（开车）上辅导班 加功课辅导,,暑假里面2个月 8点半到下午5点半 一天8个小时中间一个小时休息 可以一起跟孩子吃饭,,,梅川路祥和名邸,,无,1人,在校教员，有辅导经验的，有爱心的，2年以上的驾龄 学校要985 211的 研究生,学员要求看简历，有意向的教员请认真完善简历。,教员上门,['发布中']
103,三味线 家教,成人家教,男,25,协商,无,您好 想学习三味线 零基础 自己兴趣,,一周2次 每次45分钟,,,兰谷路绿城御园,,无,1人,有补课经验的 有耐心的,学员要求看简历，有意向的教员请认真完善简历。,教员上门,发布中
104,英语 数学 家教,初一家教,男,,协商,无,成绩还可以，阅读理解和语法写作；数学英文版教材,双语学校,一周2次，平时一次晚上6点开始和周日全天时间协商 一次2小时，数学一周1-2次，一次2个小时，平时一次周末一次,,,都会路金都路交界附近，5号线,,女,2人,有补课经验的，负责一点的；在职英语老师或者英语专业的大学生 数学可以找交大男的,学员要求看简历，有意向的教员请认真完善简历。,教员上门,['发布中']
105,英语家教,初二家教,男,,150/2h,无,开学初三，在安徽读书，150分考了59分,,一周2-3次，一次2个小时，周一到周五白天,,,漕宝路地铁站下来2分钟漕宝路地铁站下来2分钟,,无,1人,在校教员，有辅导经验的，耐心一点，英语好一点,学员要求看简历，有意向的教员请认真完善简历。,教员上门,['发布中']
106,语文家教,初一家教,女,,300/2h,无,基础中等，提高，阅读理解，写作,静安区公立学校,一周1次，一次2个小时，周末，8月份上课次数可以多一点,,,彭江路大宁金茂府,,女,1人,专职教师，专业一点的，耐心一点,学员要求看简历，有意向的教员请认真完善简历。,教员上门,['发布中']
107,奥数竞赛家教,初一家教,男,13,协商,无,9月份初二懂数学，要有竞赛水平。,私立学校,暑假周二四晚上，一周两次，一次两个小时。,,,临青路河间路交界附近，12号线,,无,1人,在校教员，耐心，有补课经验的。,学员要求看简历，有意向的教员请认真完善简历。,教员上门,['发布中']
108,英语数学家教,高一家教,女,,160/ 2H,无,高中课程 中本贯通的   数学和英语分开教,罗南中学,一周一次，一次两个小时，,,罗店,石驳岸路市一路,,女,2人,在校教员，经验丰富，对孩子有耐心，熟悉教材的,学员要求看简历，有意向的教员请认真完善简历。,教员上门,发布中
109,全科家教,五年级家教,女,,120/2h,无,开学六年级 辅导学校作业 难点都能帮助孩子理解，并分析一下,,8月份开始 一周3次 周三、四、五晚上7:30-9:30,,,龙吴路徐汇新城,,女,1人,在校教员，有耐心 补习家教经验丰富 要华师大理工大的硕士生,学员要求看简历，有意向的教员请认真完善简历。,教员上门,发布中
110,化学家教,高一家教,男,,协商,无,开学高一，预习下 3个孩子，家长组织一起上课,13524305951,"时间周一三五3点到5点,一周3次",,,2号线川沙下来5分2号线川沙下来5分交界附近，2号线川沙下来5分钟,,无,1人,在校教员，有补课经验的，负责一点的，要研究生,学员要求看简历，有意向的教员请认真完善简历。,教员上门,['发布中']
111,英语 数学 历史家教,六年级家教,男,,150/2h,无,英文版数学辅导一下，英语阅读写作辅导一下,双语学校,暑假6月底开始，一周3次，一次2个小时 下午,,,银霄路花木路交界附近，地铁2号线世纪公园步行10分钟,,无,1人,有辅导经验的，负责一点的,学员要求看简历，有意向的教员请认真完善简历。,教员上门,['发布中']
112,语文家教,四年级家教,女,12,协商,无,成绩一般，开学5年级,,一周一次，时间协商，不要周末,,国和新村,中原路市光路交界附近，8号线市光路站步行5分钟,,无,1人,在校教员，有补课经验的，负责一点的，有自己的一套学习方法的。要上海人。要实习的语文老师，上门带证件,学员要求看简历，有意向的教员请认真完善简历。,教员上门,发布中
113,全科家教,一年级家教,女,,120/2H,无,还可以，辅导功课，一升二，英语语文  主要陪阅读,,8月10日以后  一周两次,,,古美西路茏名路交界附近，闵行区外环附近,,女,1人,在校教员，有辅导经验 耐心，负责。只要958的,学员要求看简历，有意向的教员请认真完善简历。,教员上门,['发布中']
114,语文 物理 化学家教,初三家教,男,,协商,无,新高一，针对分班考，提前预习高中的内容,新复兴,一周1-2次，一次2个小时，时间可以协商,,,黄兴路,,无,3人,在职教师，有辅导经验的，专业一点的,学员要求看简历，有意向的教员请认真完善简历。,教员上门,['发布中']
115,全科家教,一年级家教,女,,协商,无,辅导功课，检查作业，数学英文版教材的,国际学校,一周4次，一次2个小时，周一4点左右，二三四5点左右,,,北京西路泰兴路,,女,1人,老师或者大学生都可以，家教经验丰富的,学员要求看简历，有意向的教员请认真完善简历。,教员上门,['发布中']
116,数学家教,初二家教,男,,400/2h,无,开学升初二，成绩浮动比较大,上师大三附中,暑假7月20号之前都可以   8月20号以后可以安排，一周一次  一次两个小时 时间协商,,,漕宝路光大附近,,无,1人,在职教师，能长期带的，有经验的,学员要求看简历，有意向的教员请认真完善简历。,教员上门,['已关闭']
117,语文家教,高二家教,女,17,500/2h,无,成绩中等，阅读写作需要提高，开学高三,,一周2次，一次两个小时，二四六晚上或者下午,,,娄山关路长宁路交界附近，2号线娄山关路站,,女,1人,在职教师，教员有耐心，有家教经验,学员要求看简历，有意向的教员请认真完善简历。,教员上门,['已关闭']
118,数学家教,高二家教,男,,180/2h,无,开学高二，成绩一般，不太稳定,田家炳中学,周二四六上午，一周2到3次,,,场北路康宁路交界附近，1号线通河新村下来10分钟,,男,1人,在校教员，有补课经验的，要上海人,学员要求看简历，有意向的教员请认真完善简历。,教员上门,['已关闭']
119,英语家教,五年级家教,男,,300/2h,无,成绩还可以，提高一下,向阳小学,开学周六上午或者晚上，一周一次,,,华山路淮海中路交界附近，10、11号线交大站,,男,1人,在职教师，在职老师最好，负责一点的,学员要求看简历，有意向的教员请认真完善简历。,教员上门,['已关闭']
120,数学 物理家教,初二家教,男,,200/2h,无,作业检查 难题讲解 开学初三,兰生复旦中学,暑假一周2-3次  开学一周一次,,,仁德路武东路交界附近，复旦大学,,无,1人,在校教员，有补课经验的 数学强项的。老师负责任用心一点，先备课  老师时间充裕一些的,学员要求看简历，有意向的教员请认真完善简历。,"教员上门,在线辅导",['已关闭']
121,语文家教,一年级家教,男,,协商,无,看书说话，学校的内容同步，预习新课，开学二年级,民办小学,一周1-2次，一次2个小时，时间可商,,,江浦路控江路交界附近，八号线江浦路站出站3分钟,,女,1人,在校教员，有补习家教经验有耐心，有责任心，最好相关专业的,学员要求看简历，有意向的教员请认真完善简历。,"教员上门,学员上门",['已关闭']
122,物理 化学家教,初二家教,女,,150/2h,无,化学提前学习一下，物理补差 开学初三,进才中学,暑假7月份，化学物理一周2次，一次2个小时,,,金科路张江汤臣豪园二期,,无,1人,在校教员，有补课经验的，教学方法思路清晰 阳光大气 家里有兄弟姐妹的优先,学员要求看简历，有意向的教员请认真完善简历。,教员上门,['已关闭']
123,英语家教,高二家教,男,,协商,无,成绩一般，从高二上学期开始补,上理工附属中学,7.17开始一周一次，一次两个小时，时间可商,,平凉路,平凉路宁武路,,无,1人,在校教员，有辅导经验 有耐心,学员要求看简历，有意向的教员请认真完善简历。,教员上门,['已关闭']
124,新概念1家教,一年级家教,男,6,300/2h,无,开学一年级 有点基础的，之前没有学过,博生幼儿园,暑假双休日时间协商 一周一次，一次2个小时,,,大连路周家嘴路交界附近，4号线大连路走10分钟,,无,1人,专职教师，耐心一点，比较喜欢小朋友的 带过新概念1的老师,学员要求看简历，有意向的教员请认真完善简历。,教员上门,['已关闭']
125,奥数/青少年科技创新家教,三年级家教,男,,350/2h,无,机构学的 水平一般 错题讲解,民办小学,一周2-3次，一次2个小时，暑假具体时间协商,,,本溪路铁岭路交界附近，8号线江浦路步行5分钟,,无,1人,专职教师，有补习家教经验有耐心，有责任心,学员要求看简历，有意向的教员请认真完善简历。,"教员上门,学员上门",['已关闭']
126,雅思家教,高一家教,男,17,500/2h,无,开学高二，国际孩子，成绩还可以。雅思学的比较零碎。成绩在5.5左右,国际学校,周一到周五的白天，一周3次，一次两个小时。,,康健新村,钦州南路交界附近，12号线虹漕路站走1公里可到,,无,1人,专职教师，有补课经验的，负责一点的，女老师优先。,学员要求看简历，有意向的教员请认真完善简历。,教员上门,['已关闭']
127,数理化家教,高一家教,女,,协商,无,高一辅导、学生安徽合肥庐江中学,,7月15号之后开始，上到8月25，一周次数协商,,,安宁路458弄千岱名墅,,无,1人,在校教员，亲和力好一点，严肃,学员要求看简历，有意向的教员请认真完善简历。,教员上门,['已关闭']
128,数学家教,二年级家教,女,8,120/2h,无,补差型 巩固一年假二年级课程,御桥小学,目前就可以开始 一周3次 每次2小时,,北蔡,京浦路沪南路交界附近，11号线,,无,1人,在校教员，有补课经验的 数学好的 有方式方法 严厉一点的,学员要求看简历，有意向的教员请认真完善简历。,教员上门,['已关闭']
129,数字家教,三年级家教,男,9,120/2H,无,开学3年级 提高型  上学而思的 辅导作业,虹口红星小学,7.15-19 白天 9am-2pm 任意两小时 补习数学 开学再需要的,,临平路,四号线临平路,,无,1人,在校教员，有辅导经验的 耐心，认真,学员要求看简历，有意向的教员请认真完善简历。,教员上门,['已关闭']
130,数学英语家教,四年级家教,女,,160/2H,无,成绩一般，,上海大附小,周一三五全天，一周3次,,,网络授课网络授课交界附近，网络授课,,无,1人,在校教员，普通话标准一点，互动好一点的，有耐心一点，希望上海的,学员要求看简历，有意向的教员请认真完善简历。,"教员上门,在线辅导",['已关闭']
131,英语家教,六年级家教,女,14,140/2h,无,开学初一 提高型 复习预习,,8月份开始 一周5次 时间可协商 一次2小时,,朱泾,人民路秀洲路,,女,1人,在校教员，有补习家教经验 细心负责,学员要求看简历，有意向的教员请认真完善简历。,教员上门,已关闭
132,英语家教,初一家教,男,,140/2h,无,9月份初二，成绩不是很好，60多分左右，以课本基础知识为主。,,周一三下午1点到3点，一周2次，一次两个小时。,,安亭,杭桂路绿苑路交界附近，曹安路同济大学附近,,男,1人,在校教员，有补课经验的，耐心负责,学员要求看简历，有意向的教员请认真完善简历。,教员上门,['已关闭']
133,英语 钢琴家教,六年级家教,男,,220/2H,无,钢琴要考八级，英语辅导作业题目,,一周三次，就七月份之后协商，下午，一次2小时,,古美路街道,莲花路顾戴路,,女,1人,在校教员，有丰富的辅导经验,学员要求看简历，有意向的教员请认真完善简历。,教员上门,['已关闭']
134,全科家教,幼儿家教,女,,300/2h,无,幼升小，全科辅导下,,周六上午，周日上午，一周2次，或平时周一到周五的晚上6点半以后,,,11号线三林东11号线三林东交界附近，11号线三林东,,女,1人,在职教师，有补课经验的，负责一点的,学员要求看简历，有意向的教员请认真完善简历。,教员上门,['已关闭']
135,英语家教,初一家教,男,12,400/2h,无,开学 初一 这次考试80多分,颛桥中学,一周一次，一次2个小时，周末的时间可以协调,,颛桥,鑫都路鑫峰苑,,男,1人,专职教师，有辅导经验的，耐心，专业一点,学员要求看简历，有意向的教员请认真完善简历。,教员上门,['已关闭']
136,英语家教,三年级家教,男,,140/2H,无,开学四年级 不太自觉 语法方面,64小,暑假一周3次 周一到周三晚上6点以后 周四五六日时间协商 隔天上 一次2小时,,高东,光泽路高东馨苑交界附近，6号线航津路站换一部公交车乘2站,,女,1人,有补习家教经验，耐心，擅长英语的 有方法可以引导的,学员要求看简历，有意向的教员请认真完善简历。,教员上门,['已关闭']
137,物理家教,初三家教,男,,400/2h,无,开学初三 成绩一般 主要复习+预习,辽源中学,暑假周一到周日，每科一周2次，一次2小时,,梅陇,兴梅路莲花南路交界附近，1号线莲花路转车，公车方便，莘庄南广场,,男,1人,在职教师，有经验，耐心一些，有方法的，可以提高的,学员要求看简历，有意向的教员请认真完善简历。,教员上门,['已关闭']
138,数学家教,初三家教,男,,350/2h,无,开学初三 成绩一般 主要复习+预习,辽源中学,暑假周一到周日，每科一周2次，一次2小时,,梅陇,兴梅路莲花南路交界附近，1号线莲花路转车，公车方便，莘庄南广场,,男,1人,在职教师，有经验，耐心一些，有方法的，可以提高的,学员要求看简历，有意向的教员请认真完善简历。,教员上门,['已关闭']
139,高等数学家教,大二家教,男,,180/2h,无,数学一过了，数学二没有通过，想要讲解题目,南方科技大学,一周2次左右，一次2H 具体时间协调,,友谊路,网上授课网上授课,,无,1人,在校教员，有辅导经验的，耐心，负责,学员要求看简历，有意向的教员请认真完善简历。,教员上门,['已关闭']
140,计算机家教,三年级家教,男,,130/2h,无,锻炼孩子计算机操作能力，主要是打字和计算机的应用。（包括暑假作业的辅导）。9月份4年级。,,暑假周四上午9-11点 一周1次，一次2小时。,,梅陇,虹梅南路春申路,,无,1人,在校教员，严格，细心，有补习家教经验的。计算机专业优先,学员要求看简历，有意向的教员请认真完善简历。,教员上门,['已关闭']
141,高等数学家教,大二家教,男,,200/2h,无,数学一过了，数学二没有通过，想要讲解题目,南方科技大学,一周2次左右，一次2H 具体时间协调,,友谊路,网上授课网上授课,,无,1人,在校教员，有辅导经验的，耐心，负责,学员要求看简历，有意向的教员请认真完善简历。,教员上门,['已关闭']
142,围棋家教,幼儿家教,男,5,150/1h,无,学过的 20号要参加11-10级考试,国际学校,下周一周2、3、4、5每天都要 每次1小时  以后每周2次,,,成山路华鹏路 交界附近，华鹏路 13号线,,无,1人,有补课经验的  有经验的,学员要求看简历，有意向的教员请认真完善简历。,教员上门,['已关闭']
143,数学家教,五年级家教,男,,300/2h,无,巩固5年级，突击下分班考，预习新课，成绩还可以的，数学应用题,上海实验小学,暑假，一周2次，白天,,老西门,中华路方浜中路交界附近，地铁8号线10线老西门,,无,1人,在职教师，有补习辅导经验，启发孩子学习兴趣，能稳定一点的，,学员要求看简历，有意向的教员请认真完善简历。,教员上门,['已关闭']
144,数学家教,六年级家教,女,,140/2h,无,9月份初一，成绩一般，提高 。,,暑期7月18日开始一三五上午9点到11点，一周3次，一次两个小时。,,,海防路西康路交界附近，7号线长寿路站5分钟可到,,女,1人,在校教员，有补课经验 有耐心 理科好一些的，复旦交大同济优先。,学员要求看简历，有意向的教员请认真完善简历。,教员上门,['已关闭']
145,语文家教,五年级家教,女,,140/2h,无,成绩一般 阅读理解方面，开学5年级,闵行实验小学,8月开始，一周1次，开学后周日下午,,,莲花南路高兴路交界附近，1号线莘庄下来做2站路公交,,女,1人,在校教员，家教辅导经验丰富的，耐心,学员要求看简历，有意向的教员请认真完善简历。,教员上门,['已关闭']
146,数学英语家教,幼儿家教,男,,120/2h,无,5岁 思维训练的作业,,暑假里面 一周2次 周一到周五（除了周四）晚上 一次2小时,,花木,浦建路杨高南路交界附近，2.4 号线浦电路/科技馆步行5-10分钟,,女,1人,在校教员，有补习家教经验的 有耐心 英语发音标准,学员要求看简历，有意向的教员请认真完善简历。,教员上门,['已关闭']
147,全科/乐理家教,二年级家教,女,,4000/1个月,无,机构课 小班制  5-8岁的暑拖班   4-6个孩子,,周一到周五  9:00-4:00 中午孩子午睡  一个半月,,,芳甸路阳高中路,,无,2人,在校教员，有经验的 能力比较好的  最好是带过孩子的 最好能是艺术类的教员 会看谱   乐理老师找专业的,学员要求看简历，有意向的教员请认真完善简历。,教员上门,已关闭
148,数学英语家教,六年级家教,女,,180/3h,无,"成绩不是很好,开学初一",,现在开始一周3到4次，时间都可以，8月要出去玩不需要 一次3小时,,,春申路沪闵路交界附近，5号线春申路下来走5分钟,,女,1人,在校教员，有经验的，负责一点的,学员要求看简历，有意向的教员请认真完善简历。,教员上门,['已关闭']
149,数学家教,六年级家教,男,,150/2h,无,开学初一 成绩补差型 主要复习+预习,,暑假双休日下午或者晚上2次 一次2小时 开学后一周3-5次,,,双城路永清路交界附近，3号线水产路换90/711/813路,,男,1人,在校教员，有耐心 补习家教经验丰富,学员要求看简历，有意向的教员请认真完善简历。,教员上门,['已关闭']
150,数学家教,初三家教,女,,400/2h,无,9月份初三，成绩不是很好，班级里中等偏下。,进才北校,一周3次，一次两个小时，上午,,,张杨路南洋泾路交界附近，6号线北洋泾路站5分钟,,无,1人,在职教师，沟通能力强一点， 严格一点，有补课经验的。最好是专门带初三的。,学员要求看简历，有意向的教员请认真完善简历。,教员上门,['已关闭']
151,物理家教,初二家教,男,,350/2h,无,开学初三，考的不好，巩固初二知识,,一周2次，一次2个小时，周六周日，开学以后时间再协商,,,曹杨路铜川路交界附近，礼泉路,,无,1人,在职教师，专业的老师，耐心一点,学员要求看简历，有意向的教员请认真完善简历。,教员上门,['已关闭']
152,英语家教,二年级家教,女,,250/2h,无,平时的作业辅导，主要是英语  开学二年级,徐汇区慧思小学,暑假开学都需要，一周安排2-3次 时间可以协商 一次两个小时,,,春申路畹町路交界附近，1号线外环路站步行10分钟,,女,1人,专职教师，有辅导经验的老师，要英语好的也能兼顾语文的,学员要求看简历，有意向的教员请认真完善简历。,教员上门,['已关闭']
153,生物家教,高一家教,男,,220/2h,无,加三选择地理和生物，成绩一般，合格考已经通过了,,7.10开始，一周一次，一次两个小时，时间可以协商,,,"公交156,50,111,131,731,755都经过，地铁1号线，3号线交界附近，靠近华东理工大学",,无,2人,在校教员，有辅导经验 有耐心 相关专业,学员要求看简历，有意向的教员请认真完善简历。,教员上门,['已关闭']
154,奥数家教,五年级家教,男,,240/2h,无,9月份6年级，奥数成绩不是很好，和难度高的有一定距离。,向明中学,周二四六上午，一周3次，一次2个小时。,,北蔡,北中路沪南公路交界附近，13号线北蔡站下来500米,,无,1人,在校教员，有补课经验的，有耐心的。上过四季的奥数,学员要求看简历，有意向的教员请认真完善简历。,教员上门,['已关闭']
155,英语家教,高一家教,女,,300/2h,无,雅思 还没考过口语 阅读指导 开学高一 孩子要上国际学校的 要口语好的 要学雅思的,,一周2-3次  7月中旬后开始,,,临平路天宝路交界附近，4.10 邮电新村下来10分钟,,无,1人,在校教员，有补课经验的 擅长口语的知道,学员要求看简历，有意向的教员请认真完善简历。,教员上门,['已关闭']
156,小提琴陪练家教,幼儿家教,男,5,150元/45分钟,无,5岁 男孩 外面有学了半年 主要就是陪练,,暑假一周2次，一次45分钟 时间看老师可协商,,,万航渡路长宁路交界附近，中山公园附近,,无,1人,专职教师，有补习辅导经验，耐心一点的 专业性强一点的老师,学员要求看简历，有意向的教员请认真完善简历。,教员上门,['已关闭']
157,数理化家教,初二家教,女,,160/2h,无,成绩一般，主要教初二的内容。主要还是作业辅导。重点数学  开学初二,正大外国语中学,周三下午4点半以后，周五全天，一周2~3次，一次两个小时。,,,共和新路虬江路交界附近，8号线中心路站走10分钟,,女,1人,在校教员，有补课经验，好的学习习惯的。,学员要求看简历，有意向的教员请认真完善简历。,教员上门,['已关闭']
158,地理、生物家教,高一家教,男,,200/2h,无,加三选择地理和生物，成绩一般，合格考已经通过了,,7.10开始，一周一次，一次两个小时，时间可以协商,,,"公交156,50,111,131,731,755都经过，地铁1号线，3号线交界附近，靠近华东理工大学",,无,2人,在校教员，有辅导经验 有耐心 相关专业,学员要求看简历，有意向的教员请认真完善简历。,教员上门,['已关闭']
159,英语家教,初二家教,女,,400/2h,无,一模卷120-130左右，基础一般，希望提高20分,,开学一周一次，一次2个小时，周末时间协商,,,新同心路春满园,,无,1人,在职教师，有补课经验的，耐心负责。,学员要求看简历，有意向的教员请认真完善简历。,教员上门,['已关闭']
160,化学家教,高三家教,女,17,180/2h,无,"提高型,成绩还可以  开学高三",,暑假一周1-2次 每次2小时,,,秀沿西路秀沿西路交界附近，保利林语溪,,女,1人,在校教员，有补课经验的 有方式方法 孩子可以接受的,学员要求看简历，有意向的教员请认真完善简历。,教员上门,['已关闭']
161,作业辅导家教,四年级家教,女,,120/2h,无,开学五年级 主要作业辅导,国际学校,暑假开始周一、周三、周五下午2-4点 一周3次 一次2小时,,,常德路康定路交界附近，7号线昌平路下来2分钟,,女,1人,在校教员，有补课经验的，负责一点的，要大三以上的可以长期带的 英语6级以上,学员要求看简历，有意向的教员请认真完善简历。,教员上门,['已关闭']
162,篮球家教,初三家教,男,,100/2H,无,能打打的样子，因为喜欢，所以想提高一下,天山二中,一周2-3次，一次1.5-2h，时间可商,,,天山路双流路交界附近，2号线威宁路下来走15多分钟,,男,1人,在校教员，有经验的，年轻一点的，耐心，相关专业优先，需要老师提供场地,学员要求看简历，有意向的教员请认真完善简历。,教员上门,['已关闭']
163,数学家教,高一家教,女,17,400/2h,无,开学高二补差型，孩子高一数学掌握得不踏实，跟不上班级进度，需要尽快赶上 辅导作业  复习高一课程,,周六下午或者晚上 一周一次，暑假一周2-3次,,马戏城,汶水路2999弄汶水路2999弄交界附近，一号线汶水路站步行300米,,无,1人,补习家教经验丰富 女生优先 教学技巧有一定要求，希望能让孩子消除对数学的畏难情绪，能挑战自己，尽快跟上班级水平。 上海人,学员要求看简历，有意向的教员请认真完善简历。,"教员上门,在线辅导",['已关闭']
164,数学家教,高一家教,男,,500/2h,无,成绩一般，开学高一 数学 英语 预习新课 讲解不懂得题,新中高级,一周2次每次3小时,,,真朋路华和路交界附近，7号线,,男,1人,有补课经验的 要数学好的,学员要求看简历，有意向的教员请认真完善简历。,教员上门,['已关闭']
165,日语家教,高二家教,女,14,320/2h,无,水平是n2 ，高考外语是日语。,甘泉外国语中学,每周一次，每次2小时，周末时间协商。 7月21日开始周六上午9点到11点,,延长中路,"延长中路沪太路交界附近，地铁1号线延长路站，944，,41，869等",,女,1人,专业一点，对高考日语了解的。n1水平，或者专四专八。上课不能看手机。认真对待。,学员要求看简历，有意向的教员请认真完善简历。,教员上门,['已关闭']
166,陪玩家教,幼儿家教,女,4岁半,120/2h,无,陪幼儿园小朋友做手工 玩游戏为主,,暑假周一到周五下午1-3点 2-3次,,,龙吴路龙恒路,,女,1人,在校教员，家教经验丰富的，耐心负责,学员要求看简历，有意向的教员请认真完善简历。,教员上门,['已关闭']
167,奥数 语文家教,二年级家教,男,7,150/2h,无,主要是奥数，奥数比较难，学的效果不理想。语文成绩中的，提高。,,星期三2点～4:点，星期五10点到12点、下午2点到4点，一周2次，一次两个小时。,,花木,东绣路锦和路交界附近，2号线7号线4号线蓝村转一部公交10分钟可到,,无,1人,"在校教员，对奥数有经验的,有 补课经验的。",学员要求看简历，有意向的教员请认真完善简历。,教员上门,已关闭
168,英语家教,高三家教,男,18,200/2h,无,"补差型,英语极差，今年高考55，准备复读一年",,暑假一周3次 一次2小时,,,华丰路临沂路,,男,1人,在校教员，认真负责 有耐心 带过高三的英语家教,学员要求看简历，有意向的教员请认真完善简历。,教员上门,['已关闭']
169,全科家教,四年级家教,男,,120/2h,无,9月份5年级，作业答疑解惑，语文英语：阅读理解，词汇量加大。数学成绩中等，概念方面加强。,闵行实验小学,7月15日开始，周一三五下午，一周各一次，一次两个小时。,,,平阳路虹莘路交界附近，12号线虹莘路站出来走10分钟可到,,无,1人,在校教员，耐心好一点的，负责一点，有补课经验的。学校好一点的。,学员要求看简历，有意向的教员请认真完善简历。,教员上门,['已关闭']
170,钢琴陪练家教,四年级家教,男,,350/2H,无,孩子8月份考10级,,暑假里7.8-8.17号 每天2小时，帮助小朋友过10级 开学后也需要,,,广州路杨浦大桥附近,,无,1人,在校教员，有辅导经验的，耐心，负责,学员要求看简历，有意向的教员请认真完善简历。,教员上门,['已关闭']
171,计算机家教,大一家教,男,,400/2h,无,C语言和Java，在英国读书，开学大二,国外大学,一周2次，一次2个小时，时间可以协商,,,张杨路陆家嘴国际华城,,无,1人,专业一点，负责耐心的,学员要求看简历，有意向的教员请认真完善简历。,"教员上门,在线辅导",['已关闭']
172,英语家教,四年级家教,男,10,130/2H,无,开学4年级 补差型 巩固加提升,,周六周日的时间，一周2次，一次2H,,祝桥,祝桥镇金亭路百熙路交界附近，188路,,男,1人,在校教员，有辅导经验，耐心，负责，会跟孩子沟通的,学员要求看简历，有意向的教员请认真完善简历。,"教员上门,学员上门",已关闭
173,数学家教,六年级家教,男,,350/2h,无,开学初一 预习新课  成绩差 补差,卢湾中学,暑假一周2-3次 每次2小时,,,日月光打浦桥,,无,1人,在职教师，有补课经验的老师 最好女老师擅于补差,学员要求看简历，有意向的教员请认真完善简历。,教员上门,['已关闭']
174,全科家教,六年级家教,男,,200/3H,无,开学6年级陪做作业 初中的功课,,周一到周五 下午 一次3H 一周5次,,古美路街道,顾戴路龙茗路交界附近，12号线顾戴路站步行8分钟,,女,1人,在校教员，有辅导经验的，耐心，负责,学员要求看简历，有意向的教员请认真完善简历。,教员上门,['已关闭']
175,英语家教,初一家教,女,,140/2H,无,开学初一 成绩蛮好的 提高型 加强原版阅读,民办小学,暑假一周2次 周二和周四时间协商 一次2小时,,,肇嘉浜路201弄肇嘉浜路201弄交界附近，嘉善路地铁站步行4分钟,,无,1人,在校教员，性格活跃一点的 有辅导经验的,学员要求看简历，有意向的教员请认真完善简历。,教员上门,['已关闭']
176,数学家教,高一家教,女,,400/2h,无,中考成绩区重点的分数。预习新高一的内容。,杨园中学,周末白天，一周1次，一次两个小时。周天上午9点到11点,,,新园路洲海路交界附近，6号线五洲大道,,无,2人,在职教师，有补课经验的，耐心的。,学员要求看简历，有意向的教员请认真完善简历。,教员上门,['已关闭']
177,乒乓球家教,初一家教,男,,150/1h,无,开学初一没有基础,长宁中学,每次1-1.5，一周两三次,,,万航渡路龙之梦交界附近，2.3.4.中山公园下来10分钟,,无,1人,在校教员，老师有教学经验，认真负责耐心好,学员要求看简历，有意向的教员请认真完善简历。,教员上门,['已关闭']
178,英语家教,高一家教,女,,260/2h,无,雅思 还没考过口语 阅读指导 开学高一 孩子要上国际学校的 要口语好的 要学雅思的,,一周2-3次  7月中旬后开始,,,临平路天宝路交界附近，4.10 邮电新村下来10分钟,,无,1人,在校教员，有补课经验的 擅长口语的知道,学员要求看简历，有意向的教员请认真完善简历。,教员上门,['已关闭']
179,英语家教,初一家教,男,,160/2h,无,成绩不太好，中下,,一周1-3次，一次2个小时，时间可商,,,古北路长宁路交界附近，虹桥万博花园,,男,1人,在校教员，最好是大二大三都可，有经验的,学员要求看简历，有意向的教员请认真完善简历。,教员上门,['已关闭']
180,全科家教,二年级家教,男,,130/2h,无,开学三年级 预习,上师大一附小,暑假一周3次，一次2个小时 两个地址上课,,,闵行东兰路龙茗路徐汇区漕宝路桂平路交界附近，12号线万源路下来10分钟,,无,1人,在校教员，有补习家教经验的，负责一点的,学员要求看简历，有意向的教员请认真完善简历。,教员上门,['已关闭']
181,金融 会计家教,大二家教,男,,600/3h,无,基础一般 英文教材，新大三学生 现在课程是企业金融，corporate finance,上海纽约大学,暑假一周3次 时间可协商 每次3小时,,陆家嘴,世纪公园上海纽约大学,,无,1人,要求相关专业的。有教学经验的。要求金融研究生毕业的,学员要求看简历，有意向的教员请认真完善简历。,教员上门,['已关闭']
182,物理，化学家教,初二家教,女,,350/2h,无,9月份初三，成绩100分考80分左右，提高到90多分。,普贤中学,暑期全周，一周各一次，一次两个小时。,,,长岛路东陆路交界附近，6号线博兴路走10分钟,,无,2人,在职教师，有责任心，有补课经验的老师。,学员要求看简历，有意向的教员请认真完善简历。,教员上门,['已关闭']
183,全科辅导家教,三年级家教,男,,130/2H,无,开学4年级 主要是英语 数学的概念，还有语文的写作,,一周2-3次，周一周五的白天 一次2H 7月27号-8月10号学员不在上海,,曹家渡,武定路瀚林府邸,,无,1人,在校教员，有辅导经验的， 耐心一点的，负责,学员要求看简历，有意向的教员请认真完善简历。,教员上门,['已关闭']
184,数学家教,高一家教,女,,240/2h,无,学习成绩良好 开学高一,徐汇中学,暑假开始，一周1次 下午,,,龙华路宛平南路交界附近，12龙华下来3号出来走5分钟,,无,1人,在校教员，有补课辅导经验的，负责一点的，名牌大学在读或是毕业的。,学员要求看简历，有意向的教员请认真完善简历。,教员上门,['已关闭']
185,中文家教,成人家教,男,,220.2h,无,有点基础，要学中文,27,平时晚上或周末,,,交通大学徐汇校区交通大学徐汇校区交界附近，交通大学徐汇校区,,无,1人,有补课经验的，负责一点的,学员要求看简历，有意向的教员请认真完善简历。,教员上门,['已关闭']
186,数学家教,六年级家教,男,,150/2h,无,小孩学习成绩一般，性格开朗,,每周5次，周一到周四  9或下午17，周五-周天 9-11  下午3-5点,,,新园路园一路交界附近，6号线航津路,,女,1人,在校教员，有丰富的经验，一定要做过家教 并对孩子有所提高的,学员要求看简历，有意向的教员请认真完善简历。,教员上门,['已关闭']
187,数学、物理 化学家教,初二家教,男,12,200/2小时45分钟,无,需要找初中物理数学化学家教，要求物理数学专长强，会归纳总结方法的老师，,外国语学校,目前周六晚上 ，一周一次  一次两个小时45分钟,,,浦北路桂林路,,无,1人,在校教员，希望一定要擅长物理数学，认真的，善于讲解的，讲不清的不要,学员要求看简历，有意向的教员请认真完善简历。,教员上门,['已关闭']
188,论文辅导、英语家教,成人家教,男,22,240/2H,无,国外留过学，想打扎实语法和提高写作水平 主要是成人网络教育 关于国际贸易的论文辅导（11月份交）,,"双休日时间都可以协商 论文辅导一周2次  英语一周1次
一次2小时",,,徐汇、长宁、黄浦、静安、闵行都可以协商徐汇、长宁、黄浦、静安、闵行都可以协商,,无,1人,在校教员，有经验的，负责一点的，也可以公共场所上课的，最好有留学经验的写过论文的毕业生、研究生,学员要求看简历，有意向的教员请认真完善简历。,教员上门,['已关闭']
189,数学，英语 语文家教,二年级家教,男,7,500/4H,无,提高型 中等偏上的成绩，陪写作业，规划孩子学习习惯,国际学校,7月份周一到周五4点到8点，一周5次，开学也是这个时间，8月份不要 8月20号之后可以,,半淞园路,保屯路西藏南路交界附近，4号 8号线,,女,1人,专职教师，有辅导经验的，耐心，负责 有国际学校的教学经验的,学员要求看简历，有意向的教员请认真完善简历。,教员上门,已关闭
190,物理 化学家教,初三家教,女,,160/2h,无,开学升初三 成绩中等，提早学习,金苹果私立学校,一周3次，周一周五的白天，一次2H,,,高平路沪太路支路,,女,1人,在校教员，辅导经验丰富的，耐心，严厉一点,学员要求看简历，有意向的教员请认真完善简历。,教员上门,已关闭
191,钢琴陪练家教,初一家教,男,,200/1h,无,目前小孩7级，钢琴想要要考9级,外国语学校,周二四日，上午，8:30或8:45，这周四开始,,,杨高南路御桥路,,女,1人,在校教员，上海音乐学院的学生优先，有丰富的辅导经验，钢琴系，音教系或作曲系专业的,学员要求看简历，有意向的教员请认真完善简历。,教员上门,已关闭
192,数学英语家教,初一家教,男,13,150/2h,无,开学初二，数学英语需要辅导下，成绩一般,,暑假白天，一周2到3次,,杨行,水产路康桥水都东区,,无,1人,在校教员，在校教员或者有经验的大学生,学员要求看简历，有意向的教员请认真完善简历。,教员上门,['已关闭']
193,语文家教,六年级家教,女,,150/2h,无,开学6年级成绩一般 预习新课程  古文汉语言 督促,世袭,一周2次平时 一周到五  每次2小时 下周开始 上午9.30-11.30,,曹家渡,新闸路延平路交界附近，2号=线静安寺,,女,1人,在校教员，有补课经验的 名校毕业的最好 有耐心 善于沟通,学员要求看简历，有意向的教员请认真完善简历。,教员上门,['已关闭']
194,英语家教,五年级家教,男,,150/2H,无,成绩还可以提早学习。开学六年级,上海实验小学附,7.14开始，一周2-3次，一次两个小时，时间可商,,,东明路昌里东路,,无,1人,在校教员，有辅导经验，阳光的 最好是同济 复旦的，名校的 最好是研究生,学员要求看简历，有意向的教员请认真完善简历。,教员上门,['已关闭']
195,高等数学家教,成人家教,男,20+,200/2h,无,零基础 想考初中教师资格证 高等代数和微积分教学,,暑假一周2-3次 周一到周日时间可协商 每次1.5小时,,,德悦路501弄德悦路501弄交界附近，9号线,,无,1人,在校教员，一定是有带过高等数学的家教经验 有耐心一点的,学员要求看简历，有意向的教员请认真完善简历。,教员上门,['已关闭']
196,语数外家教,一年级家教,男,,120/2h,无,开学2年级，复习预习一下，数学为主,,8月1日开始 ，一周来2次，晚上7点开始,,,场中路,,无,1人,在校教员，有辅导经验，耐心一点，负责的,学员要求看简历，有意向的教员请认真完善简历。,教员上门,['已关闭']
197,全科家教,一年级家教,女,,130/2H,无,读英语绘本的，还可以，成绩不错,,周一到周五，一周5次，一次两个小时。暑假时间协商。,,,羽山路民生路交界附近，6号线 民生站,,女,1人,在校教员，有补课经验的 耐心 负责。华师大，复旦的在校大学生优先 大三和大四 研究生,学员要求看简历，有意向的教员请认真完善简历。,教员上门,已关闭
198,英语家教,初一家教,男,,350/2h,无,成绩一般 希望提高，开学初二,新复兴,一周一次，时间协商,,,新同心路株洲路交界附近，3号线龙之梦1号线延长路,,无,1人,有辅导经验，负责一点的，要上外毕业的老师或大学生，要上海人,学员要求看简历，有意向的教员请认真完善简历。,教员上门,['已关闭']
199,数学家教,高二家教,女,16,180/2h,无,开学高二 成绩不是很好 课前预习和课后布置作业,,一周2次，一次2H,,三林镇,和融路三彩路交界附近，8号线芦恒路步行10分钟以内或者公交车576，810,,无,1人,在校教员，辅导家教经验丰富 耐心一点，要上海人，理科好一点的,课前预习和课后布置作业,学员要求看简历，有意向的教员请认真完善简历。,['已关闭']
200,数理英家教,初三家教,男,,220/3h,无,开学初三 预习,,"暑假周二四六下午1-4点 一周3次 一次3小时 
开学后双休日一周一次",,,富南路杨南路交界附近，离地铁7号线步行15分钟,,男,1人,在校教员，有耐心 补习家教经验丰富,学员要求看简历，有意向的教员请认真完善简历。,教员上门,已关闭
201,毛笔字家教,四年级家教,女,,200/1h,无,开学五年级 毛笔零基础,私立小学,暑假双休日上午 一周1次,,,真华路大华二路,,无,1人,在职教师，补习家教经验丰富的，有耐心，专业的老师,学员要求看简历，有意向的教员请认真完善简历。,教员上门,['已关闭']
202,全科辅导家教,一年级家教,男,,120/2h,无,一年级男孩数学、英语。开学二年级 主要数学 英语,,"暑假周1-5，每天上午9:15-11:15,2小时，每小时60元。一年级男孩数学、英语。",,,花木路世纪公园,,女,1人,在校教员，有补课经验的 最好数学,学员要求看简历，有意向的教员请认真完善简历。,教员上门,['已关闭']
203,语文家教,三年级家教,女,,300/2h,无,开学4年级  阅读的题目 基础的基础,,一周2次，一次2个小时，,,,昌化路淮安路,,女,1人,专职教师，学校的老师，有经验的,学员要求看简历，有意向的教员请认真完善简历。,教员上门,['已关闭']
204,小提琴家教,四年级家教,女,,120/1h,无,四升五  准备考三级  陪练,,一周1-2次  一次1小时 时间可以协商,,,凌云新村,,无,1人,认真负责有经验，离家近的,学员要求看简历，有意向的教员请认真完善简历。,教员上门,已关闭
205,数学家教,五年级家教,男,7,150/2h,无,5升6 成绩还可以,外国语小学,星期三和星期天 ，一周2次,,金桥,巨峰路五莲路交界附近，6号12线下来10分钟,,男,1人,在校教员，要学校好一点的,学员要求看简历，有意向的教员请认真完善简历。,教员上门,['已关闭']
206,英语，日语家教,成人家教,男,29,100/2h,无,看学员背书是否出错，只要看着书听有没有背错，纠正错误就可以了,,"一周2~3次，时间协商
平时晚上，周末时间可以协商",,,人民广场附近或陆家嘴附近交界附近，10号线四平路站附近,,女,1人,英语六级，日语一级，电话语音指导就可以。,学员要求看简历，有意向的教员请认真完善简历。,协商,['已关闭']
207,全科家教,四年级家教,女,,140/2h,无,成绩不是很好，需要提高,上市国际部,一周3次左右，时间协商,,,星站路中春路,,女,1人,在校教员，有经验的。带过小朋友的，耐心一下,学员要求看简历，有意向的教员请认真完善简历。,教员上门,['已关闭']
208,英语家教,初二家教,男,,350/2h,无,学习成绩一般，提高,,一周2次，一次2个小时，周二和周四下午,,,西康路宜昌路交界附近，7号线,,男,1人,专职教师，有辅导经验 ，幽默风趣，能与学生沟通,学员要求看简历，有意向的教员请认真完善简历。,教员上门,['已关闭']
209,作业辅导家教,幼儿家教,女,,90/1.5H,无,大班  教一些简单的数学 再认认字什么的,,周二 周四晚上有空  一周2次，一次1.5H,,威海路,威海路中凯城市之光,,女,1人,在校教员，有辅导经验 有耐心,学员要求看简历，有意向的教员请认真完善简历。,教员上门,['已关闭']
210,英语口语家教,一年级家教,男,7,220/2h,无,开学一年级，零基础，口语强化,,每天下午3点-5点.一周至少5天,,,上河湾千阳南路,,女,1人,擅长英语的，专业一点,学员要求看简历，有意向的教员请认真完善简历。,教员上门,['已关闭']
211,语文、数学 英语家教,高二家教,男,,180/2h,无,江西教材，成绩一般，学文科的。,,暑假7月开始全周，一周2~3次，一次两个小时。,,南桥,环城东路九华丽苑交界附近，5号线环城东路走5分钟,,无,1人,在校教员，有补课经验的，商学院，华东理工，上海师范的优先,学员要求看简历，有意向的教员请认真完善简历。,教员上门,['已关闭']
212,物理家教,初一家教,女,,90/1.5h,无,开学初一提前学习物理,金鹤小学,一周周2次，一次1.5个小时，平时晚上或者周末,,,网络授课网络授课,,男,1人,在校教员，辅导经验丰富的，耐心，,学员要求看简历，有意向的教员请认真完善简历。,在线辅导,['已关闭']
213,数学家教,高一家教,女,,150/2H,无,开学高一 提前学习,,一周一次，一次2H 7月底开始上课,,,真南路 真北路交界附近，11号李子园地铁站,,无,1人,在校教员，有辅导经验的，耐心，负责,学员要求看简历，有意向的教员请认真完善简历。,教员上门,['已关闭']
214,数学家教,初一家教,男,,140/2h,无,成绩还可以 基础要补一下,,每周一次，周二 周四的上午 ，一次2H,,,宝钢三村宝钢三村,,男,1人,在校教员，有辅导家教经验的，负责一点的,学员要求看简历，有意向的教员请认真完善简历。,教员上门,['已关闭']
215,奥数家教,三年级家教,女,,150/2h,无,小学生三升四奥数辅导，教材主要是奥数精讲系列的书 成绩一般,盛大,一周2次  每次2小时,,,浦驰路交界附近，8号线浦江镇站,,无,1人,有补课经验,学员要求看简历，有意向的教员请认真完善简历。,教员上门,['已关闭']
216,语文家教,高一家教,男,,5002h,无,新高一 成绩平均分以下 作文阅读古诗文积累强化,上师大第三实验学校,周一三五上午或下午 一周2次 一次2H  时间可以协商,,,三江路漕宝路交界附近，1号线漕宝路步行10分钟左右,,无,1人,在职教师，有补习辅导经验的，耐心，负责 公办市重点的语文老师针对高考方面强化训练,学员要求看简历，有意向的教员请认真完善简历。,教员上门,['已关闭']
217,英语家教,三年级家教,女,,150/2h,无,开学三年级 比较好，提高的，外面外教上课回来拎一下 讲原版故事,,"暑假周三全天 周五上午或晚上7-9点
周六上午 周日全天 一周2次 一次2小时",,,昌邑路民生路,,女,1人,补习家教经验丰富的，口语发音好一点，上门带学生证身份证,学员要求看简历，有意向的教员请认真完善简历。,教员上门,['已关闭']
218,英语家教,三年级家教,男,,120 /2h,无,开学3年级 拔尖型 提前学习,徐汇实验,暑假里面 周一到周五的早上  4次 一次2H,,植物园,龙瑞路龙吴路,,无,1人,在校教员，有辅导经验的，耐心，负责,学员要求看简历，有意向的教员请认真完善简历。,教员上门,['已关闭']
219,数学家教,二年级家教,男,,300/2h,无,开学3年级，数学基础不太好，补差型,,一周2-3次，一次2个小时，白天,,,上南路海阳路,,无,1人,在职教师，专业一点的老师，有辅导经验的,学员要求看简历，有意向的教员请认真完善简历。,教员上门,['已关闭']
220,钢琴家教,六年级家教,男,,200/2h,无,钢琴五级，陪练,,一周3次 一三五  每次1小时,,,呼玛路共和新路交界附近，一号线,,女,1人,在校教员，有补课经验的，要求音乐学院的,学员要求看简历，有意向的教员请认真完善简历。,教员上门,['已关闭']
221,化学家教,初二家教,男,,450/2h,无,"开学初三 初中很多知识点都会了
主要复习初中预习高中的知识点",,暑假一周1次 一次2小时 具体时间协商,,三林镇,洪山路1889弄洪山路1889弄交界附近，6号线,,无,1人,在职教师，有耐心的老师 补习经验丰富 高中在职老师,学员要求看简历，有意向的教员请认真完善简历。,教员上门,['已关闭']
222,数学家教,六年级家教,女,12,200/2h,无,提高型 希望教员能用英语辅导孩子六年级数学。开学7年级  复习6年级课程  英文教材,国际学校,一周2次，具体些商，一次2小时,,武宁新村,武宁路中山北路,,无,1人,在校教员，有丰富的辅导经验，大学生或研究生，数学英语一定要好,学员要求看简历，有意向的教员请认真完善简历。,教员上门,['已关闭']
223,数学家教,六年级家教,女,,150/2h,无,开学6年级 预习新课做练习 课内的 教材中文的,培佳双语学校,7.23号以后开始 一周1-2次,,,武威东路李子园,,女,1人,在校教员，在校的大学生，女生，数学好的  有补课经验的,学员要求看简历，有意向的教员请认真完善简历。,教员上门,['已关闭']
224,数学家教,高一家教,女,,500/2h,无,成绩一般,基地附中,一周三次，一天隔一天，上午10:00，下午1:00,,,沁春路中春路交界附近，1号线莘庄转公交3站,,无,1人,专职教师，最好严格点 能发现孩子的问题,学员要求看简历，有意向的教员请认真完善简历。,教员上门,['已关闭']
225,辅导数学，英语作业家教,四年级家教,男,,130/2h,无,数学，英语方面有些薄弱，学生比较开朗,六师附小,"一天隔一天，周末可以不用过来
如果好的话上午10:00，中午12:00，过了暑假以后每周来四天",,,崮山路羽山路,,男,1人,在校教员，认真负责，有辅导经验，教授时不玩手机,学员要求看简历，有意向的教员请认真完善简历。,教员上门,['已关闭']
226,钢琴家教,幼儿家教,女,,120/45分钟,无,8月份考6级,,周一6点 周四6:30 一周2次 一次45分钟 只要上7月份一个月时间（6节课）开学后的时间看教员带的怎么样,,,海伦路周家嘴路交界附近，3/10号线,,女,1人,在校教员，钢琴过10级,有耐心 有带过相关家教的,学员要求看简历，有意向的教员请认真完善简历。,已关闭
227,数学家教,四年级家教,女,,120/2h,无,开学5年级 成绩一般 需要提高,,暑假 一周1次   时间可以协商,,,富长路红林路,,无,1人,在校教员，能力比较好的  最好是住在宝山的,学员要求看简历，有意向的教员请认真完善简历。,教员上门,已关闭
228,英语家教,幼儿家教,男,4,150/2h,无,英语书读,,一周一次，8月份开始一周2次,,,金科路高科中路交界附近，金科路地铁站,,女,1人,有补课经验的  会弹钢琴最好或者写毛笔字,学员要求看简历，有意向的教员请认真完善简历。,教员上门,['已关闭']
229,生物家教,高二家教,男,,240/2h,无,高一复习，高二预习,,一周2次，周一至周日任何时间段都可以,,,朱扬路沙家埭路交界附近，地铁17号线直达,,女,1人,在校教员，有丰富的辅导经验，擅长生物课程，华师大优先,学员要求看简历，有意向的教员请认真完善简历。,教员上门,['已关闭']
230,语文家教,三年级家教,男,8,140/2h,无,一个语文老师，会教孩子写作文的，然后做下阅读理解，一个星期一次，目前时间上可以选择 每周六下午1-3点最好，如果不行的话，周一到周五其他下午2-4点，每次2小时,江武小学,目前时间上可以选择 每周六下午1-3点最好，如果不行的话，周一到周五其他下午2-4点，每次2小时,,,华山路镇宁路交界附近，2号线江苏路步行15分钟,,无,1人,在校教员，有补习经验的，负责任，英语专业 语文作文擅长的 师范学校的,学员要求看简历，有意向的教员请认真完善简历。,教员上门,['已关闭']
231,语文 英语家教,初二家教,男,,140/2H,无,开学初二 中等偏上 语文弱一些 复习预习,,暑假一周2次 平时+周末 一次2小时,,,桃浦西路鼓浪路,,女,1人,在校教员，有耐心 有补习家教经验的,学员要求看简历，有意向的教员请认真完善简历。,教员上门,['已关闭']
232,全科家教,二年级家教,女,,120/2h,无,开学三年级 侧重英语,尚德小学,暑假一周1-2次，一次2小时,,,秀沿路康桥交界附近，11号线秀沿路转公交,,女,1人,在校教员，开朗一点的，耐心一点，有经验  英语好一点,学员要求看简历，有意向的教员请认真完善简历。,教员上门,['已关闭']
233,数学家教,初二家教,男,,450/2h,无,开学初三 学过一学期 继续往前学,,暑假一周1次 一次2小时 周三晚上,,,天钥桥路交界附近，11/4号线上海游泳馆5分钟,,无,1人,在职教师，有耐心的老师 补习经验丰富,学员要求看简历，有意向的教员请认真完善简历。,教员上门,['已关闭']
234,物理 数学家教,高一家教,女,16,180/2H,无,成绩一般 提前学习高二的内容,安高中学,8月底开始补课 开学前一周2次，开学后一周一次,,嘉定镇,塔城路高昌路,,女,2人,在校教员，有补习经验 有耐心 相关专业的。大三或大四的女学生。物理系的 数学系的,学员要求看简历，有意向的教员请认真完善简历。,教员上门,已关闭
235,数学家教,四年级家教,男,,300/2h,无,4升5，学校数学没问题， 提前预习,世外,周一到周五上午，一周次数协商,,,新市路广灵二路交界附近，3号线赤峰路下来就是,,无,1人,在职教师，有耐心 补习家教经验丰富,学员要求看简历，有意向的教员请认真完善简历。,教员上门,['已关闭']
236,全科家教,五年级家教,女,,150/3h,无,开学5年级，3门课巩固下，成绩一般,,周末一周2次，一次3小时,,,"枣庄路金杨路交界附近，6号云山路1号出来5,6分钟",,女,1人,在校教员，有补课经验的，负责一点的,学员要求看简历，有意向的教员请认真完善简历。,教员上门,已关闭
237,全科家教,初一家教,男,,120/2h,无,开学初一，总体语文英语差一点，检查下作业,理工初中,隔天一次，时间协商,,,佳木斯路黄兴公园交界附近，8号线黄兴公园下来走10分钟左右,,女,1人,在校教员，要上海理工大学的，有补课经验的,学员要求看简历，有意向的教员请认真完善简历。,教员上门,已关闭
238,数学 家教,高一家教,男,,180/2H,无,开学高一 补习人教版的教材 回安徽读书的,徐教院附中,暑假里面 一周3次 一次2H,,植物园,龙吴路黄石路交界附近，上海植物园4号门隔壁,,男,1人,在校教员，有辅导经验的，耐心，负责，,学员要求看简历，有意向的教员请认真完善简历。,教员上门,['已关闭']
239,英语家教,高一家教,男,,300/2h,无,小孩数学英语都很不错，增强,嘉定银园中学,一周二次，具体协商，一次2小时，具体协商,,,洪德路沪宜公路交界附近，11号线白银路,,无,2人,专职教师，家教经验丰富的，耐心负责，正在嘉定带教的更好,学员要求看简历，有意向的教员请认真完善简历。,教员上门,['已关闭']
240,数学家教,初一家教,女,,150/2h,无,开学初二，基础不是很好，提高，期末考了78分,,暑假8月中旬，一周1-2次，一次2个小时，开学一周2次，一次2个小时，周中一次，周末一次,,,博山东路云山路交界附近，6号线云山路站下来15分钟可到,,女,1人,在校教员，有补课经验的 能力要强一点,学员要求看简历，有意向的教员请认真完善简历。,教员上门,['已关闭']
241,物理 化学 英语家教,初一家教,女,,180/2h,无,课后的难题辅导，需要提高,,一周一次，一次两个小时，周天晚上,,,粤秀路广灵四路,,无,1人,在校教员，有赛事经验，耐心，讲解清楚,学员要求看简历，有意向的教员请认真完善简历。,教员上门,['已关闭']
242,全科辅导家教,一年级家教,男,,300/2h,无,开学二年级 巩固基础 预习新课,乐业小学,一周2次 每次2小时,,,月浦月富路,,男,1人,在校教员，有补课经验的 有耐心,学员要求看简历，有意向的教员请认真完善简历。,教员上门,['已关闭']
243,数学家教,六年级家教,女,,350/2h,无,成绩75-80分左右 开学7年级 预习新课 提升成绩,上海同济附属七一中学,暑假7.25号以后 上到开学前，总共安排10次课，教的好开学继续,,,延平路静安寺交界附近，2号线静安寺下来10分钟,,无,1人,专职教师，有补课经验的 有方式方法 带的好的,学员要求看简历，有意向的教员请认真完善简历。,教员上门,['已关闭']
244,物理家教,高一家教,男,16,260/2h,无,9月份高二，新高二物理，预习新课 巩固高一的,,周二晚上6点到8点，周四晚上 6-8,,花木,白杨路龙阳路交界附近，2号线龙阳路步行3分钟,,无,1人,在校教员，有补课经验，认真负责，严格要求的，口碑要好。,学员要求看简历，有意向的教员请认真完善简历。,教员上门,['已关闭']
245,数理化家教,初二家教,男,,180/2h,无,开学初三 成绩还可以 以数学为主 有一些竞赛的内容,复旦五浦汇实验,暑假周一三五白天，一周1次，一次两个小时。,,上师大,钦州南路柳州路交界附近，1号线漕宝路站下来走10分钟,,男,1人,在校教员，有补课经验的，负责一点的，只要交大复旦的。,学员要求看简历，有意向的教员请认真完善简历。,教员上门,['已关闭']
246,全科家教,一年级家教,男,,300/2h,无,主要是辅导作业，英语为主,国际学校,一周五次，一次两个小时，周一到周五一般7:00开始2小时或者1小时半，,,,都会路银都路,,男,1人,在职教师，有经验的，要上海老师，年级大一点的,学员要求看简历，有意向的教员请认真完善简历。,教员上门,['已关闭']
247,会计家教,高一家教,男,,300/2h,无,学校有课程，英文教材，比较基础的，批一下作业，薄弱的辅导一下,国际高中,一周1-2次，一次2个小时，时间可以协商,,,都市路湖山在望花园,,无,1人,专业一点，有辅导经验的，负责,学员要求看简历，有意向的教员请认真完善简历。,"教员上门,在线辅导",['已关闭']
248,数学英语家教,四年级家教,男,,140/2h,无,开学四年级，作业辅导,陆川学校,暑假开始 下周开始，晚上,,,1号线漕宝路1号线漕宝路交界附近，1号线漕宝路下来10分钟一下,,无,1人,在校教员，有经验，能提升成绩的，,学员要求看简历，有意向的教员请认真完善简历。,学员上门,['已关闭']
249,语文家教,一年级家教,女,,230/1.5,无,开学新一年级，想要提前学习,,暑假 一周2-3次 周一到周五的上午  一次一个小时,,,厦门路西藏中路,,无,1人,有经验的   有能力的 在职的语文老师,学员要求看简历，有意向的教员请认真完善简历。,教员上门,['已关闭']
250,化学家教,初二家教,女,,400/2h,无,开学初三，提前预习初三的内容,上外,一周2-3次，一次两个小时 周一二四白天,,,中山北路花园路交界附近，8号线,,无,1人,在职教师，专业一点，耐心，负责的,学员要求看简历，有意向的教员请认真完善简历。,"教员上门,学员上门",['已关闭']
251,数学 物理家教,初二家教,男,,160/2h,无,几何偏弱巩固初一+预习新课  开学初二,颛桥中学,一周2次 每次2小时 现在就可以开始,,,都市路颛桥交界附近，5号线,,无,1人,在校教员，有补课经验的 数学带的好的 有自己的方式方法最好,学员要求看简历，有意向的教员请认真完善简历。,教员上门,['已关闭']
252,物理家教,初二家教,女,,400/2h,无,开学初，提前预习初三的内容，物理基础还可以，复习预习,上外,一周2次，一次两个小时 周三周五下午和周六周日没有空，其他时间都可以的，开学是平时晚上上课,,,中山北路花园路交界附近，8号线,,无,1人,在职教师，学员上门，接受虹口区那边上门,学员要求看简历，有意向的教员请认真完善简历。,"教员上门,学员上门",['已关闭']
253,英语家教,高一家教,女,,600/2h,无,双胞胎，基础中等，提高，开学高二,长岛中学,一周2-3次，一次2小时，时间可以协商,,,长岛路800弄张杨北路,,女,1人,在职教师，教学经验多一点的，耐心一点,学员要求看简历，有意向的教员请认真完善简历。,教员上门,['已关闭']
254,英语家教,初一家教,男,,350/2h,无,英语不是很好，考试60多分，开学初一,协和双语小学,一周2次，时间协商,,,普洱路都市路,,无,1人,在职教师，耐心，认真 有补课经验的。,学员要求看简历，有意向的教员请认真完善简历。,教员上门,['已关闭']
255,英语数学家教,六年级家教,男,,150/2h,无,开学初一，提前预习初一的知识,上海大学附属学校,一周3-4次，一次2个小时，白天,,,聚丰园路祁连欣苑,,女,1人,在校教员，有辅导经验的，负责一点的,学员要求看简历，有意向的教员请认真完善简历。,教员上门,['已关闭']
256,语文和数学家教,五年级家教,男,10岁,140/2h,无,"补差型,开学五年级，语文字词默写很差，阅读理解不好，数学计算错误高 开学5年级  基础不好",漕河新开发区小学,一周1-2次 每次2小时 目前就可以开始,,漕河泾开发区,地铁9号线漕河泾开发区站下，走路5分钟虹梅路,,无,1人,在校教员，有补课经验的 名校的最好 对上海教材熟悉的,学员要求看简历，有意向的教员请认真完善简历。,教员上门,['已关闭']
257,英语数学家教,三年级家教,男,,120/2h,无,开学四年级 作业辅导 成绩一般,华师大附小,暑假周一到周五下午时间协商15-26号期间时间需要调整 一周4-5次 一次2小时,,,同普路丹巴路东侧交界附近，13号线真北路步行500米,,男,1人,在校教员，有补习辅导经验 有耐心,学员要求看简历，有意向的教员请认真完善简历。,教员上门,['已关闭']
258,游泳家教,初二家教,男,,100/h,无,有学过泳，会四个泳姿，增强速度,新复兴,一周两次，周一三五，下午3；30-5；30，一次2个小时，,,,四平路大连路,,男,1人,在校教员，有辅导经验的，耐心一点，擅长经验，,学员要求看简历，有意向的教员请认真完善简历。,教员上门,已关闭
259,数学家教,高二家教,男,,200/2h,无,成绩一般，从高二上学期开始补,上理工附属中学,7.17开始一周一次，一次两个小时，时间可商,,平凉路,平凉路宁武路,,无,1人,在校教员，有辅导经验 有耐心,学员要求看简历，有意向的教员请认真完善简历。,教员上门,['已关闭']
260,英语家教,初一家教,女,,400/2h,无,9月份升初二，孩子成绩还可以100分的卷子考70分，提高,控江初级,周天白天，一周一次，一次两个小时。,,控江新村,隆昌路辽源东路交界附近，12号线隆昌路,,女,1人,在职教师，有补课经验的，负责一点的。,学员要求看简历，有意向的教员请认真完善简历。,"教员上门,学员上门",['已关闭']
261,数学英语家教,四年级家教,男,,140/2h,无,开学五年级成绩一般,闵行实验,一周2次，时间协商,,,"畹町路春申路交界附近，1,5号线春申路下来转车",,无,1人,在校教员，有补课经验的，有家教经验的优先 上海本地人在上海读书的,学员要求看简历，有意向的教员请认真完善简历。,教员上门,['已关闭']
262,英语家教,六年级家教,男,,150/2h,无,开学初一 主要辅导语法阅读首字母，中考错题讲解,民办学校,暑假周一早上9-11点 一周1次 一次2小时,,莘庄,沁春路中春路,,无,1人,在校教员，有补习经验，耐心一点，英语专业的,学员要求看简历，有意向的教员请认真完善简历。,教员上门,['已关闭']
263,陪读家教,幼儿家教,女,,140/2h,无,"孩子比较听话，主要是陪孩子玩
给小朋友读绘本，教小朋友认字，带小朋友做一下幼儿园的逻辑题 （书和资料家长都会准备）",国际学校,"一周5次，一次2小时，
时间可以协商",,七宝,宜山路龙茗路交界附近，9号线出来5分钟,,无,1人,在校教员，有丰富的辅导经验稍微专业的，耐心一些，幼教专业毕业优先，有舞蹈特长更好,学员要求看简历，有意向的教员请认真完善简历。,教员上门,['已关闭']
264,放学辅导语数英作业家教,二年级家教,女,,180/2h,无,语文基础差，英语数学不错，很开朗,复旦小学,1周五次，周一，周二，周五，4:00-6：00 周三，四7:00-9：00,,上海影城,番禺路新华路,,女,1人,在校教员，喜欢小孩，有爱心，有经验的，陪读有效果，,学员要求看简历，有意向的教员请认真完善简历。,教员上门,['已关闭']
265,语文数学家教,二年级家教,女,,140/2h,无,开学三年级 成绩一般 写作刷题,,暑假8号开始 一周1-2次 一次2小时,,,北艾路下南路交界附近，13下南路步行5-10分钟,,女,1人,在校教员，有辅导经验的，负责一点的,学员要求看简历，有意向的教员请认真完善简历。,教员上门,['已关闭']
266, 语文 英语家教,初一家教,男,,300/2H,无,成绩不是很好 基础的,,"暑假里面 
一周2次 一次2H",,月浦,月浦镇沈巷东钱宅交界附近，可以折中的公共场合,,无,1人,在校教员，有辅导经验的，耐心 负责,学员要求看简历，有意向的教员请认真完善简历。,"教员上门,学员上门",['已关闭']
267,数学家教,五年级家教,男,,140/2h,无,开学五年级 想要辅导一下奥数 家里有奥数教材 讲一下奥数知识点,莘松小学,8月份一周3次每次2小时,,莘庄,疏影路中春路交界附近，12号出站10中之内 1号线远一点,,无,1人,有补课经验的经验 有耐心 数学经验丰富的,学员要求看简历，有意向的教员请认真完善简历。,教员上门,['已关闭']
268,数学珠心算家教,一年级家教,女,,150/1h,协商,开学二年级 零基础 100以内的加减乘,,暑假一周3次以上 一次2小时,,浦江,浦秀路陈杭公路交界附近，在线辅导,,无,1人,在职教师，补习家教经验丰富 珠心算一定要带过的,学员要求看简历，有意向的教员请认真完善简历。,在线辅导,['已关闭']
269,物理家教,初三家教,女,,160/2h,无,开学高一，预习新课,新华初级中学,一周一次，一次两个 小时，周末,,,凉城路汶水路交界附近，3号线,,女,1人,在校教员，耐心，有经验，负责,学员要求看简历，有意向的教员请认真完善简历。,教员上门,['已关闭']
270,全科家教,五年级家教,女,,270,无,复习前四年级，预习五年级,华东师范小学,一周五次周一至周五下午,,,场中路上飞大道,,女,1人,在校教员，江浙沪人优先，有丰富的辅导经验,学员要求看简历，有意向的教员请认真完善简历。,教员上门,['已关闭']
271,英语家教,高二家教,男,,协商,无,小孩成绩一般，需要辅导提高成绩，性格活泼。,行知中学,一周1-2次，一次2小时，时间可商,,,共江路共康交界附近，1号线通河下,,女,1人,在校教员，有补课经验的上海籍在校大学生，经验丰富有耐心的，带过类似的家教。,学员要求看简历，有意向的教员请认真完善简历。,教员上门,['已关闭']
272,练弹琴并陪做思维题家教,幼儿家教,男,,160/2h,无,5岁 思维训练的作业 钢琴刚启蒙 钢琴 陪练,,暑假里面 一个小时练琴一个小时陪做功课 一周2-3次,,花木,浦建路杨高南路交界附近，2.4 号线,,女,1人,在校教员，可以看着孩子练钢琴 有经验的 有耐心,学员要求看简历，有意向的教员请认真完善简历。,教员上门,['已关闭']
273,英语家教,初三家教,男,,120/2h,无,"9月份高一，主要是背背单词,会自然拼读的。",控江民办中学,暑假全周，一周2次，一次两个小时。,,,明星路嫩江路交界附近，8号线嫩江路,,无,1人,在校教员，男女不限，有经验的就可以的，上海的,学员要求看简历，有意向的教员请认真完善简历。,教员上门,['已关闭']
274,英皇乐理家教,一年级家教,男,,协商,无,一直在弹琴，乐理学了第一本,国际学校,一周一次，一次一个小时，周六的15:30-16:30,,,古北家乐福,,无,1人,有经验，耐心，带过英皇的乐理,学员要求看简历，有意向的教员请认真完善简历。,教员上门,['已关闭']
275,英语口语家教,幼儿家教,女,,240/2H,无,英语的口语 一对二,,一周需要3次 一次2H 上课时间在傍晚 7点左右 家长要长期合作的,,世纪公园,东方路世纪公园交界附近，2号线科技馆,,女,1人,在校教员，有这方面经验的，年轻一点漂亮一点的,学员要求看简历，有意向的教员请认真完善简历。,教员上门,['已关闭']
276,大提琴陪练  家教,一年级家教,男,,协商,无,学了半年，陪练，初次考级,卢湾区一中心,"7.8-7.19一二四五晚上一个半小时
20号后每周1-2次，一次一个小时，时间可以协商",,,淡水路太仓路交界附近，1  10  12新天地站,,无,1人,在校教员，有补课经验的，阳光一点的 有耐心,学员要求看简历，有意向的教员请认真完善简历。,教员上门,['已关闭']
277,语文 数学 地理家教,高一家教,男,,220/2H,无,开学高一 补习人教版的教材 回安徽读书的,徐教院附中,暑假里面 一周3次 一次2H,,植物园,龙吴路黄石路交界附近，上海植物园4号门隔壁,,男,2人,在校教员，有辅导经验的，耐心，负责，,学员要求看简历，有意向的教员请认真完善简历。,教员上门,已关闭
278,全科家教,二年级家教,女,,120/2h,无,9月份升3年级。成绩在及格边缘，补差。补3门功课的。也包括作业。,,暑假全周，一周4次，一次两个小时。周一到周四下午1点到3点,,,水电路奎照路交界附近，3号线江湾镇下来5分钟可到,,女,1人,在校教员，有补课经验的，耐心的。好学校的学生。,学员要求看简历，有意向的教员请认真完善简历。,教员上门,['已关闭']
279,语文，历史家教,初二家教,男,,150/2h,无,语文历史一般，性格开朗,新复兴,一周一次，周二四六下午，或晚上,,,四平路大连路,,无,1人,在校教员，有辅导经验的，耐心一点，文科生，擅长历史语文,学员要求看简历，有意向的教员请认真完善简历。,教员上门,['已关闭']
280,化学家教,高二家教,男,,220/2h,无,成绩一般，从高二上学期开始补,上理工附属中学,7.17开始一周一次，一次两个小时，时间可商,,平凉路,平凉路宁武路,,无,1人,在校教员，有辅导经验 有耐心,学员要求看简历，有意向的教员请认真完善简历。,教员上门,['已关闭']
281,英语家教,初二家教,女,,120/2H,无,开学初三 成绩一般 复习预习,长宁新世纪,暑假周一到周五一周2次 一次2小时,,,虹桥中园哈密路,,女,1人,在校教员，有补习经验的，负责一点的，英语专业的,学员要求看简历，有意向的教员请认真完善简历。,教员上门,['已关闭']
282,英语家教,幼儿家教,男,,140/2h,无,开学中班，外面机构学过一点的 2个孩子,5岁,暑假时间协商，一周2次,,七宝,新镇路宝南路,,女,1人,在校教员，有经验 有耐心,学员要求看简历，有意向的教员请认真完善简历。,教员上门,['已关闭']
283,数学，英语家教,初三家教,男,16岁,150/2h,无,开学补差型 英语和数学挺不好的，这次考试75.5和60,,暑假里面 一次2H 一周2次,,青浦镇,交界附近，夏阳街道浦汇新村,,男,1人,在校教员，有辅导经验的，耐心，负责,学员要求看简历，有意向的教员请认真完善简历。,"教员上门,学员上门",['已关闭']
284,化学家教,初二家教,女,,160/2H,无,开学初三 预习初三化学课本知识,致远中学,暑假一周2次 平时下午3点可开始,,,灵山路蓝天路交界附近，9号线蓝天路下来,,女,1人,一定要有补习家教经验的，负责一点,学员要求看简历，有意向的教员请认真完善简历。,教员上门,['已关闭']
285,英语家教,初二家教,男,,400/2h,无,学习成绩一般,,暑假开始，一周2次,,,西康路宜昌路交界附近，7号线,,男,1人,专职教师，有辅导经验 ，幽默风趣，能与学生沟通,学员要求看简历，有意向的教员请认真完善简历。,教员上门,['已关闭']
286,全科+钢琴陪练家教,一年级家教,女,7,180/2h,无,钢琴4级水平，学了2年。打算考英皇2级。主要不是考级还是练习。辅导作业的。（一个小时辅导作业，一个小时陪练）。,,周一三四晚上，一周1~2，一次2个小时。,,世纪公园,丁香路锦绣路交界附近，2号线芳甸路站一公里,,女,1人,在校教员，有补课经验，负责一点的,学员要求看简历，有意向的教员请认真完善简历。,教员上门,已关闭
287,英语家教,初三家教,女,,350/2h,无,9月份高一，初中英语比较薄弱，所以要补差。湖北读书的。人教版教材。,,7月26日开始，一周6次，一次两个小时。,,,环城西路大叶公路交界附近，5号线萧塘站,,女,1人,在职教师，有补课经验的，有耐心的。,学员要求看简历，有意向的教员请认真完善简历。,教员上门,['已关闭']
288,数学家教,六年级家教,女,,协商,无,开学初一，物理需要预习新课，数学拓展思维，数学为主,公立,暑假一周2-3次，一次两个小时，时间可以协商，开学一周一次,,,瞿溪路蒙自路交界附近，4号线  13号线,,无,1人,在校教员，有辅导奥数经验，大学生奥数老师,学员要求看简历，有意向的教员请认真完善简历。,教员上门,['已关闭']
289,启蒙教育家教,幼儿家教,女,6,120/2h,无,数学 唱歌 背唐诗认数字 读绘本，有教材，孩子比较调皮。（6岁女孩）,,135下午4-6点   一周3次 ，一次两个小时。,,,河南南路复兴东路交界附近，8号线豫园站，老西门站,,女,1人,在校教员，有补课经验的 最好带过小宝宝的 可延长期带最好。要严厉的。,学员要求看简历，有意向的教员请认真完善简历。,教员上门,['已关闭']
290,英语家教,高一家教,男,,150/2h,无,开学高二，学习新课，巩固基础,,一周2次左右，一次两个小时，二四六日晚上,,,平型关路广中路,,无,1人,在校教员，有经验，耐心，擅长英语,学员要求看简历，有意向的教员请认真完善简历。,教员上门,['已关闭']
291,数学 雅思家教,初二家教,男,,700/2h,无,开学初三数学(已学完） 雅思,,暑假每科一周1次 时间都可协商 一次2小时,,,天钥桥路交界附近，11/4号线上海游泳馆5分钟,,无,2人,在职教师，有耐心的老师 补习经验丰富,学员要求看简历，有意向的教员请认真完善简历。,教员上门,['已关闭']
292,钢琴陪练家教,四年级家教,男,,200/2H,无,孩子8月份考10级,,暑假里每天2小时，帮助小朋友过10级,,,广州路杨浦大桥附近,,无,1人,在校教员，有辅导经验的，耐心，负责,学员要求看简历，有意向的教员请认真完善简历。,教员上门,已关闭
293,语文家教,六年级家教,男,,350/2h,无,开学6年级 ，提前学习 成绩中等,,暑假里面 周一到周五 白天一周一次 一次2H,,花木,龙阳路杨高南路交界附近，4号线蓝村路换一部公交可到10分钟,,无,1人,在职教师，有补课经验的，有耐心的老师。,学员要求看简历，有意向的教员请认真完善简历。,教员上门,['已关闭']
294,物理家教,初二家教,男,12,400/2H,无,开学初三 基础还行，提早学习初三的内容,南模,"周一到周五晚上8：30-10：30一次 双休日上午2次固定 
一周3次 一次2个小时",,徐家汇,虹桥路番禹路交界附近，1/9/11/3/4号线,,无,1人,在职教师，有辅导经验的 有能力 最好是好点学校的老师,学员要求看简历，有意向的教员请认真完善简历。,教员上门,['已关闭']
295,钢琴陪练家教,幼儿家教,女,6,200/1h,无,9月一年级，学了2年，没考过级。进度一直上不去，孩子有点厌学了。,,周六周日上午，一周一次，一次一个小时。,,,龙茗路虹莘路交界附近，9号线星中路92路公交1站路,,女,1人,在职教师，有补课经验的，负责一点的。,学员要求看简历，有意向的教员请认真完善简历。,教员上门,['已关闭']
296,数学家教,三年级家教,男,9,400/2.5h,无,开学四年级，复习为主，奥数1年级开始学,上外,下周可以开始上课，每天晚上两个小时，7.4-7.17不上课,,,政悦路殷行路交界附近，10号线新江湾城站,,无,1人,专职教师，有补课经验的，耐心一些，负责一点的 表达能力要清晰,学员要求看简历，有意向的教员请认真完善简历。,教员上门,['已关闭']
297,英语家教,三年级家教,男,,300/2h,无,一般，成绩班级中等偏下，补差，提高。,公立学校,6月15日开始周六下午，一周一次，一次两个小时。暑假后期协商。,,,汶水东路水电路交界附近，3号线大柏树可到,,无,1人,在职教师，有补课经验的。孩子比较调皮，要严厉的，课程要生动的。,学员要求看简历，有意向的教员请认真完善简历。,教员上门,['已关闭']
298,幼儿数学思维家教,幼儿家教,女,,300/1.5h,无,两个5周岁小朋友,,暑假，4:00-5:00，一周两次,,,"12号线顾戴路下来7,8分钟12号线顾戴路下来7,8分钟交界附近，12号线顾戴路下来7,8分钟",,无,1人,专职教师，有辅导经验的，负责一点的,学员要求看简历，有意向的教员请认真完善简历。,教员上门,['已关闭']
299,政治家教,大一家教,男,,400/2h,无,开学大二,海洋大学,暑假8月份开始一三五或二四六 一次2小时 开学后双休日也需要,,惠南,网络授课网络授课,,无,1人,在校教员，有耐心 有补习家教经验 最好是制药专业,学员要求看简历，有意向的教员请认真完善简历。,教员上门,['已关闭']
